,specimen,num_amtl,age_at_death,age_sd,prob_male,genus,sockets,pop
0,AMNH99.1/100,0,3.7559128299999998,0.689761633,0.5,Homo sapiens,32,Alaska
1,AMNH99.1/101,10,3.9032966100000004,0.72151844,0.25,Homo sapiens,22,Alaska
2,AMNH99.1/102,1,3.4893404400000003,0.570308472,0.25,Homo sapiens,32,Alaska
3,AMNH99.1/103,0,2.9600404399999998,0.518766442,0.5,Homo sapiens,32,Alaska
4,AMNH99.1/104,0,4.40440145,0.8296245839999999,0.25,Homo sapiens,32,Alaska
5,AMNH99.1/105,0,3.2548079899999998,0.5819781039999999,0.75,Homo sapiens,32,Alaska
6,AMNH99.1/107,3,5.61166683,1.02682079,0.5,Homo sapiens,25,Alaska
7,AMNH99.1/109,6,4.374924699999999,0.823260632,0.75,Homo sapiens,30,Alaska
8,AMNH99.1/110,2,4.1980641599999995,0.785088419,0.75,Homo sapiens,15,Alaska
9,AMNH99.1/111,0,4.22754092,0.7914490200000001,0.5,Homo sapiens,32,Alaska
10,AMNH99.1/112,6,4.374924699999999,0.823260632,0.25,Homo sapiens,31,Alaska
11,AMNH99.1/160,5,5.5,1.5,0.25,Homo sapiens,13,Alaska
12,AMNH99.1/59,14,4.88,1.05,0.25,Homo sapiens,26,Alaska
13,AMNH99.1/59-B,0,4.0,1.0,0.25,Homo sapiens,16,Alaska
14,AMNH99.1/60,2,3.78538959,0.696111299,0.5,Homo sapiens,16,Alaska
15,AMNH99.1/61,0,3.43166852,0.619980411,0.75,Homo sapiens,32,Alaska
16,AMNH99.1/64,6,4.3146895899999995,0.747240717,0.25,Homo sapiens,30,Alaska
17,AMNH99.1/72,1,4.61073874,0.874186019,0.75,Homo sapiens,31,Alaska
18,AMNH99.1/75-A,0,3.13690097,0.556672472,0.75,Homo sapiens,32,Alaska
19,AMNH99.1/77,4,4.5200000000000005,1.26,0.75,Homo sapiens,31,Alaska
20,AMNH99.1/79,2,3.94,0.9099999999999999,0.25,Homo sapiens,16,Alaska
21,AMNH99.1/80(a),1,4.61073874,0.874186019,0.75,Homo sapiens,16,Alaska
22,AMNH99.1/80(b),0,4.374924699999999,0.823260632,0.75,Homo sapiens,15,Alaska
23,AMNH99.1/83-A,7,3.20178426,0.37220627,0.25,Homo sapiens,30,Alaska
24,AMNH99.1/84-A,0,3.07794746,0.5440296530000001,0.25,Homo sapiens,32,Alaska
25,AMNH99.1/84-B,12,4.88,1.05,0.25,Homo sapiens,28,Alaska
26,AMNH99.1/84-C,3,4.61073874,0.874186019,0.25,Homo sapiens,16,Alaska
27,AMNH99.1/84-D,0,3.3137614999999996,0.594640065,0.25,Homo sapiens,16,Alaska
28,AMNH99.1/86-C,5,4.72736416,0.83605854,0.25,Homo sapiens,31,Alaska
29,AMNH99.1/86-D,9,5.08236683,0.97611705,0.25,Homo sapiens,28,Alaska
30,AMNH99.1/87,8,4.5200000000000005,1.26,0.75,Homo sapiens,29,Alaska
31,AMNH99.1/89-A,0,4.374924699999999,0.823260632,0.75,Homo sapiens,32,Alaska
32,AMNH99.1/89-B,0,2.8421334099999997,0.49353696300000005,0.75,Homo sapiens,32,Alaska
33,AMNH99.1/90,12,5.5,1.5,0.75,Homo sapiens,30,Alaska
34,AMNH99.1/91-A,11,3.19585448,0.569322104,0.75,Homo sapiens,32,Alaska
35,AMNH99.1/91-B,9,5.08236683,0.97611705,0.5,Homo sapiens,30,Alaska
36,AMNH99.1/94,0,3.43166852,0.619980411,0.25,Homo sapiens,32,Alaska
37,AMNH99.1/96-A,0,3.78538959,0.696111299,0.75,Homo sapiens,32,Alaska
38,AMNH99.1/97,8,3.6674825699999998,0.670718105,0.75,Homo sapiens,30,Alaska
39,AMNH99.1/98,2,3.07794746,0.5440296530000001,0.75,Homo sapiens,32,Alaska
40,AMNH99.1/99,0,3.19585448,0.569322104,0.25,Homo sapiens,32,Alaska
41,BM1868.4.16.2,0,1.2473779999999999,0.329146087,1.0,Pongo,32,Borneo
42,BM1884.10.30.1,0,1.3686453,0.371761878,1.0,Pongo,16,Borneo
43,BM1884.10.30.2,2,1.3686453,0.371761878,1.0,Pongo,32,Borneo
44,BM1886.12.20.10,0,1.41715222,0.38883104199999996,1.0,Pongo,32,Borneo
45,BM1898.2.28.11,0,1.39289876,0.38029504799999997,1.0,Pongo,32,Borneo
46,BM1899.11.6.1,0,1.7121714300000002,0.306608828,0.0,Papio,32,Arabia
47,BM1899.6.10.2,0,1.85922731,0.34773143,1.0,Papio,32,East Africa
48,BM1899.7.8.1,0,2.30253446,0.43542802199999997,1.0,Papio,32,East Africa
49,BM1900.3.18.1,0,1.85922731,0.34773143,1.0,Papio,32,East Africa
50,BM1900.6.28.1,0,1.1454619,0.200186723,1.0,Papio,32,Arabia
51,BM1901.2.13.1,0,1.89952796,0.355691242,1.0,Papio,32,West Africa
52,BM1901.8.9.23,0,1.85922731,0.34773143,0.0,Papio,32,East Africa
53,BM1902.11.22.1,0,1.2485,0.21939990699999998,1.0,Papio,32,Arabia
54,BM1902.9.2.1,0,1.98012926,0.371619727,1.0,Papio,32,East Africa
55,BM1902.9.9.3,0,2.26223381,0.427445115,1.0,Papio,29,East Africa
56,BM1904.11.5.2,0,2.14133186,0.40350724099999996,1.0,Papio,32,East Africa
57,BM1904.8.2.1,0,1.2485,0.21939990699999998,1.0,Papio,32,Arabia
58,BM1904.8.2.3,0,1.7121714300000002,0.306608828,1.0,Papio,32,East Africa
59,BM1905.5.10.1,0,2.18163251,0.41148461999999997,1.0,Papio,32,West Africa
60,BM1906.11.1.6,0,2.02042991,0.379588028,1.0,Papio,32,East Africa
61,BM1907.7.8.11,0,1.98012926,0.371619727,1.0,Papio,32,Central Africa
62,BM1908.7.17.1,0,1.65968682,0.474312763,1.0,Pongo,16,Borneo
63,BM1908.8.9.41,0,1.93982861,0.363654073,1.0,Papio,16,East Africa
64,BM1908.8.9.42,0,2.38313576,0.451398683,0.0,Papio,32,East Africa
65,BM1909.6.11,0,1.40305714,0.24835976299999998,1.0,Papio,32,East Africa
66,BM1910.10.3.1,0,1.30001905,0.229036872,1.0,Papio,28,East Africa
67,BM1911.12.1.1,0,1.81892666,0.339774848,1.0,Papio,32,East Africa
68,BM1913.10.18.2,1,1.93982861,0.363654073,1.0,Papio,32,East Africa
69,BM1913.10.18.3,0,2.42343641,0.459386268,1.0,Papio,16,East Africa
70,BM1914.3.8.2,0,2.66524031,0.507338879,0.0,Papio,32,East Africa
71,BM1918.11.8.1,0,2.26223381,0.427445115,1.0,Papio,16,East Africa
72,BM1922.12.19.6,0,1.81892666,0.339774848,1.0,Papio,32,Central Africa
73,BM1923.3.4.3,0,2.82644291,0.539328887,0.0,Papio,32,East Africa
74,BM1924.2.25.1,0,2.06073056,0.38755881200000003,1.0,Papio,32,East Africa
75,BM1924.8.6.15,0,1.93982861,0.363654073,1.0,Papio,32,West Africa
76,BM1924.8.6.16,0,2.42343641,0.459386268,0.0,Papio,32,West Africa
77,BM1925.5.12.1,0,2.18163251,0.41148461999999997,1.0,Papio,32,West Africa
78,BM1927.8.14.1,0,1.60913333,0.28715520899999997,0.0,Papio,16,East Africa
79,BM1930.12.1.2,0,2.02042991,0.379588028,0.0,Papio,32,East Africa
80,BM1931.4.1.1,0,1.93982861,0.363654073,1.0,Papio,32,East Africa
81,BM1932.7.6.1,0,1.3515381,0.238690817,1.0,Papio,32,East Africa
82,BM1934.11.20.1,0,1.85922731,0.34773143,1.0,Papio,32,East Africa
83,BM1935.10.22.24,0,2.10103121,0.395531929,0.0,Papio,16,West Africa
84,BM1935.2.14.1,0,1.93982861,0.363654073,1.0,Papio,32,East Africa
85,BM1936.12.28.1,0,1.85922731,0.34773143,1.0,Papio,32,East Africa
86,BM1936.12.28.2,0,1.85922731,0.34773143,1.0,Papio,32,East Africa
87,BM1938.7.17.1,1,3.2668455100000005,0.616831052,1.0,Papio,32,Central Africa
88,BM1939.1005,0,1.41715222,0.38883104199999996,1.0,Pongo,16,Borneo
89,BM1939.1006,0,1.12611071,0.28664100000000003,1.0,Pongo,16,Borneo
90,BM1939.1007,0,0.980589949,0.235865298,0.0,Pongo,32,Borneo
91,BM1939.1008,0,1.12611071,0.28664100000000003,0.0,Pongo,32,Borneo
92,BM1939.1021,0,2.06073056,0.38755881200000003,1.0,Papio,32,West Africa
93,BM1962.25,0,1.98012926,0.371619727,0.0,Papio,32,East Africa
94,BM1964.2174,0,1.93982861,0.363654073,0.0,Papio,32,East Africa
95,BM1971.2353,0,2.26223381,0.427445115,1.0,Papio,16,West Africa
96,BM1971.2354,0,2.10103121,0.395531929,1.0,Papio,17,West Africa
97,BM1976.1408,0,1.63543336,0.465756455,0.0,Pongo,33,Borneo
98,BM1976.1409,0,1.39289876,0.38029504799999997,0.0,Pongo,32,Borneo
99,BM1976.1415,0,1.2231245400000001,0.320634803,0.0,Pongo,32,Borneo
100,BM1976.1416,0,1.15036417,0.295130863,0.0,Pongo,31,Borneo
101,BM1976.1417,0,1.12611071,0.28664100000000003,0.0,Pongo,16,Borneo
102,BM1976.1418,0,1.12611071,0.28664100000000003,0.0,Pongo,32,Borneo
103,BM1976.1419,0,1.12611071,0.28664100000000003,0.0,Pongo,32,Borneo
104,BM1976.1420,0,1.10185725,0.278157736,0.0,Pongo,30,Borneo
105,BM1976.1421,0,1.07760379,0.269681693,0.0,Pongo,32,Borneo
106,BM1976.1422,0,1.17461763,0.303626772,0.0,Pongo,32,Borneo
107,BM1976.1423,0,1.12611071,0.28664100000000003,0.0,Pongo,32,Borneo
108,BM1976.1424,0,1.3686453,0.371761878,1.0,Pongo,32,Borneo
109,BM1976.1425,0,1.15036417,0.295130863,1.0,Pongo,33,Borneo
110,BM1976.1426,0,1.19887109,0.312128232,1.0,Pongo,32,Borneo
111,BM1976.1427,0,1.44140568,0.397369678,0.0,Pongo,32,Borneo
112,BM1976.1428,0,1.27163146,0.337661729,1.0,Pongo,32,Borneo
113,BM1976.1429,0,0.980589949,0.235865298,0.5,Pongo,32,Borneo
114,BM1976.1430,0,1.05335033,0.261213574,0.0,Pongo,32,Borneo
115,BM1976.1431,0,1.2473779999999999,0.329146087,1.0,Pongo,32,Borneo
116,BM1976.1434,0,1.15036417,0.295130863,1.0,Pongo,32,Borneo
117,BM1976.1435,0,0.90782957,0.21062475100000003,1.0,Pongo,32,Borneo
118,BM1976.1436,0,1.07760379,0.269681693,1.0,Pongo,32,Borneo
119,BM1976.1437,0,1.12611071,0.28664100000000003,1.0,Pongo,16,Borneo
120,BM1976.1438,0,0.883576111,0.202242151,1.0,Pongo,16,Borneo
121,BM1976.1439,0,0.8593226509999999,0.193878354,1.0,Pongo,32,Borneo
122,BM1976.1440,0,1.2231245400000001,0.320634803,1.0,Pongo,32,Borneo
123,BM1976.1442,0,1.07760379,0.269681693,1.0,Pongo,32,Borneo
124,BM1976.1443,0,1.17461763,0.303626772,1.0,Pongo,34,Borneo
125,BM50a,0,1.30001905,0.229036872,1.0,Papio,32,East Africa
126,BRK125458,1,2.91041325,0.372712188,0.25,Homo sapiens,24,Native Californian
127,BRK125462,8,4.84791205,0.571046472,0.25,Homo sapiens,32,Native Californian
128,BRK125598,0,2.76373976,0.370258313,0.75,Homo sapiens,25,Native Californian
129,BRK125610,1,2.30458795,0.29625106,0.5,Homo sapiens,31,Native Californian
130,BRK125660,5,5.15,1.26,0.75,Homo sapiens,31,Native Californian
131,BRK125661,0,3.23564578,0.425426601,0.75,Homo sapiens,32,Native Californian
132,BRK125666,0,3.6565349400000002,0.49413133699999995,0.25,Homo sapiens,16,Native Californian
133,BRK125670,1,3.58000964,0.481608016,0.5,Homo sapiens,23,Native Californian
134,BRK125675,5,3.6947975900000003,0.500397466,0.5,Homo sapiens,33,Native Californian
135,BRK125676,0,3.67566627,0.49726404100000005,0.75,Homo sapiens,29,Native Californian
136,BRK125678,3,3.96263614,0.544334199,0.75,Homo sapiens,31,Native Californian
137,BRK125679,0,3.27390843,0.431652929,0.75,Homo sapiens,32,Native Californian
138,BRK125800,0,2.85301928,0.36345583800000003,0.75,Homo sapiens,29,Native Californian
139,BRK125802,3,3.67566627,0.49726404100000005,0.75,Homo sapiens,26,Native Californian
140,BRK125810,1,3.05070964,0.416980327,0.75,Homo sapiens,32,Native Californian
141,BRK125811,0,3.46522169,0.462847197,0.75,Homo sapiens,28,Native Californian
142,BRK125821,0,3.71392892,0.5035316,0.75,Homo sapiens,32,Native Californian
143,BRK125822,0,3.03157831,0.41385752800000003,0.25,Homo sapiens,32,Native Californian
144,BRK125827,0,2.75736265,0.348066219,0.75,Homo sapiens,32,Native Californian
145,BRK125832,2,4.5600000000000005,1.04,0.75,Homo sapiens,16,Native Californian
146,BRK126049,0,2.92954458,0.375801123,0.5,Homo sapiens,31,Native Californian
147,BRK126054,0,2.36198193,0.305433283,0.25,Homo sapiens,15,Native Californian
148,BRK126076,0,3.58000964,0.481608016,0.5,Homo sapiens,16,Native Californian
149,BRK126087,0,2.01761807,0.250774612,0.5,Homo sapiens,32,Native Californian
150,BRK126089,4,2.6680831300000003,0.354750963,0.75,Homo sapiens,32,Native Californian
151,BRK126092,1,3.75219157,0.509801939,0.75,Homo sapiens,32,Native Californian
152,BRK126094,0,2.59155783,0.342374303,0.75,Homo sapiens,32,Native Californian
153,BRK126100,7,2.5086554199999997,0.30831943100000003,0.25,Homo sapiens,32,Native Californian
154,BRK126104,0,2.36198193,0.305433283,0.75,Homo sapiens,32,Native Californian
155,BRK126107,5,2.36198193,0.305433283,0.25,Homo sapiens,32,Native Californian
156,BRK126113,1,3.2994168700000004,0.435806278,0.75,Homo sapiens,32,Native Californian
157,BRK126117,0,2.6298204800000002,0.348559185,0.25,Homo sapiens,32,Native Californian
158,BRK126118,1,2.6680831300000003,0.354750963,0.25,Homo sapiens,32,Native Californian
159,BRK126121,1,3.6565349400000002,0.49413133699999995,0.25,Homo sapiens,32,Native Californian
160,BRK126124,0,2.20893133,0.281004779,0.75,Homo sapiens,32,Native Californian
161,BRK126125,5,4.11,1.0,0.25,Homo sapiens,15,Native Californian
162,BRK126243,16,2.55967229,0.31643661700000003,0.75,Homo sapiens,30,Native Californian
163,BRK126244,0,2.61068916,0.34546585900000004,0.75,Homo sapiens,31,Native Californian
164,BRK126247,0,3.96263614,0.544334199,0.25,Homo sapiens,32,Native Californian
165,BRK126248,0,2.8593963899999997,0.385801676,0.25,Homo sapiens,32,Native Californian
166,BRK126250,0,2.6298204800000002,0.348559185,0.25,Homo sapiens,30,Native Californian
167,BRK126251,0,2.99331566,0.407615043,0.75,Homo sapiens,32,Native Californian
168,BRK126252,0,2.24719398,0.287094128,0.25,Homo sapiens,32,Native Californian
169,BRK126256,0,3.20376024,0.441997173,0.25,Homo sapiens,32,Native Californian
170,BRK126259,0,3.21651446,0.422315152,0.25,Homo sapiens,31,Native Californian
171,BRK126260,1,3.63740361,0.49099936800000005,0.25,Homo sapiens,32,Native Californian
172,BRK126261,0,3.23564578,0.425426601,0.25,Homo sapiens,32,Native Californian
173,BRK126264,0,3.71392892,0.5035316,0.25,Homo sapiens,29,Native Californian
174,BRK126266,8,3.6565349400000002,0.49413133699999995,0.5,Homo sapiens,32,Native Californian
175,BRK126271,10,2.58518072,0.320502776,0.5,Homo sapiens,31,Native Californian
176,BRK126291,1,2.20893133,0.281004779,0.5,Homo sapiens,7,Native Californian
177,BRK126292,0,3.6565349400000002,0.49413133699999995,0.5,Homo sapiens,31,Native Californian
178,BRK126472,0,2.8593963899999997,0.385801676,0.25,Homo sapiens,32,Native Californian
179,BRK126755,0,2.61068916,0.34546585900000004,0.75,Homo sapiens,22,Native Californian
180,BRK126757,0,3.16549759,0.414023787,0.75,Homo sapiens,32,Native Californian
181,BRK126758,0,2.36198193,0.305433283,0.25,Homo sapiens,32,Native Californian
182,BRK126760,0,2.6298204800000002,0.348559185,0.75,Homo sapiens,30,Native Californian
183,BRK126761,2,3.58000964,0.481608016,0.75,Homo sapiens,32,Native Californian
184,BRK126764,0,2.3237192799999997,0.299309106,0.75,Homo sapiens,32,Native Californian
185,BRK126765,1,2.97418434,0.40449540500000003,0.5,Homo sapiens,30,Native Californian
186,BRK126766,0,2.6680831300000003,0.354750963,0.75,Homo sapiens,32,Native Californian
187,BRK126767,0,3.12085783,0.40677611799999996,0.75,Homo sapiens,32,Native Californian
188,BRK126768,8,3.7330602399999995,0.506666429,0.25,Homo sapiens,28,Native Californian
189,BRK126773,5,3.96263614,0.544334199,0.75,Homo sapiens,32,Native Californian
190,BRK126774,8,2.2854566299999997,0.293195822,0.25,Homo sapiens,32,Native Californian
191,BRK126776,3,3.8861108399999997,0.531768598,0.5,Homo sapiens,32,Native Californian
192,HTB0802,0,1.423,0.6474995012,1.0,Papio,32,East Africa
193,HTB0828,0,0.9182923080000001,0.2429595478,1.0,Papio,32,South Africa
194,HTB0890,0,1.78945,0.32121794600000003,1.0,Papio,32,East Africa
195,HTB0900,0,1.53185476,0.272587272,1.0,Papio,32,East Africa
196,HTB1025,2,1.86672857,0.335840919,1.0,Papio,32,East Africa
197,HTB1027,0,1.86672857,0.335840919,0.0,Papio,32,East Africa
198,HTB1028,0,1.37729762,0.243523526,0.0,Papio,32,East Africa
199,HTB1043,1,1.60913333,0.28715520899999997,1.0,Papio,32,East Africa
200,HTB1151,0,1.3515381,0.238690817,1.0,Papio,32,East Africa
201,HTB1152,0,1.32577857,0.233861853,1.0,Papio,32,East Africa
202,HTB1153,0,1.30001905,0.229036872,1.0,Papio,16,East Africa
203,HTB1154,0,1.50609524,0.267736152,1.0,Papio,32,East Africa
204,HTB1212,1,1.1167,0.47789750480000004,1.0,Papio,32,Central Africa
205,HTB1214,0,1.4803357099999999,0.26288768500000004,1.0,Papio,32,East Africa
206,HTB1215,0,1.2701047600000002,0.218171291,1.0,Papio,32,East Africa
207,HTB1216,2,1.76369048,0.31634660600000003,1.0,Papio,32,East Africa
208,HTB1217,1,1.6606523800000002,0.296878123,1.0,Papio,31,East Africa
209,HTB1218,0,1.37729762,0.243523526,1.0,Papio,32,East Africa
210,HTB1219,0,1.57921905,0.276002868,1.0,Papio,32,East Africa
211,HTB1220,0,1.55761429,0.277440906,1.0,Papio,32,East Africa
212,HTB1221,0,1.76369048,0.31634660600000003,1.0,Papio,32,East Africa
213,HTB1222,0,1.4803357099999999,0.26288768500000004,0.0,Papio,32,East Africa
214,HTB1223,0,1.60913333,0.28715520899999997,1.0,Papio,32,East Africa
215,HTB1225,0,1.6307380999999999,0.285690736,1.0,Papio,32,East Africa
216,HTB1226,0,1.42881667,0.253199324,1.0,Papio,32,East Africa
217,HTB1426,0,1.7204184999999999,0.32920468,0.0,Pan,32,Ebolwa
218,HTB1497,0,1.1454619,0.200186723,1.0,Papio,31,East Africa
219,HTB1503,0,1.19698095,0.209782262,0.0,Papio,32,East Africa
220,HTB1701,0,2.62620552,0.535897499,0.0,Pan,32,French Cameroons
221,HTB1703,0,2.05137914,0.40457764999999996,0.0,Pan,32,French Cameroons
222,HTB1706,0,1.73783748,0.333164782,0.0,Pan,31,Ebolwa
223,HTB1707,0,1.73783748,0.333164782,0.0,Pan,28,Ebolwa
224,HTB1708,0,2.15589303,0.42842433599999996,0.0,Pan,32,Ebolwa
225,HTB1713,0,2.05137914,0.40457764999999996,0.0,Pan,32,Ebolwa
226,HTB1718,0,1.8075134,0.349014071,0.0,Pan,32,Ebolwa
227,HTB1719,1,2.49556316,0.506022442,0.0,Pan,30,Ebolwa
228,HTB1720,12,1.1630110999999999,0.203288089,0.0,Pan,32,Ebolwa
229,HTB1721,0,1.84235137,0.356943631,0.0,Pan,32,Ebolwa
230,HTB1722,0,2.06879812,0.408550898,0.0,Pan,32,Ebolwa
231,HTB1723,0,2.46943469,0.5000491229999999,0.0,Pan,32,Ebolwa
232,HTB1724,0,1.84235137,0.356943631,0.0,Pan,32,Ebolwa
233,HTB1726,5,2.56120692,0.490072026,0.0,Pan,32,Ebolwa
234,HTB1735,0,1.89460831,0.368843519,0.0,Pan,32,Ebolwa
235,HTB1737,0,2.7829763499999998,0.5717638469999999,0.0,Pan,28,Ebolwa
236,HTB1738,0,1.94686525,0.380749511,0.0,Pan,32,Ebolwa
237,HTB1739,0,2.1036360899999997,0.416498874,0.0,Pan,32,Ebolwa
238,HTB1741,0,2.8352333,0.583722718,0.0,Pan,32,Ebolwa
239,HTB1744,0,1.9991222,0.39266105100000004,0.0,Pan,32,Ebolwa
240,HTB1745,0,1.89460831,0.368843519,0.0,Pan,32,Ebolwa
241,HTB1748,5,3.3578027300000004,0.703383117,0.0,Pan,31,Ebolwa
242,HTB1758,0,1.9991222,0.39266105100000004,0.0,Pan,32,Ebolwa
243,HTB1768,0,1.9991222,0.39266105100000004,0.0,Pan,32,Ebolwa
244,HTB1775,1,2.61346386,0.501978364,0.0,Pan,30,French Cameroons
245,HTB1791,0,2.15589303,0.42842433599999996,0.0,Pan,32,Ebolwa
246,HTB1882,0,1.73783748,0.333164782,0.0,Pan,32,Ebolwa
247,HTB1888,0,2.8352333,0.583722718,0.0,Pan,32,French Cameroons
248,HTB1889,0,2.91361871,0.601663882,0.0,Pan,32,French Cameroons
249,HTB1890,0,2.05137914,0.40457764999999996,0.0,Pan,32,French Cameroons
250,HTB1903,0,2.20814997,0.440353691,0.0,Pan,32,French Cameroons
251,HTB1956,0,2.99200413,0.619608209,0.0,Pan,32,French Cameroons
252,HTB1957,9,2.35217914,0.442495725,0.0,Pan,32,French Cameroons
253,HTB1958,1,3.2010319000000003,0.667473274,0.0,Pan,32,French Cameroons
254,HTB1959,0,2.8352333,0.583722718,0.0,Pan,32,French Cameroons
255,HTB2001,0,1.7900944200000002,0.345050478,0.0,Pan,32,French Cameroons
256,HTB2026,0,1.9991222,0.39266105100000004,0.0,Pan,32,Ebolwa
257,HTB2027,0,1.89460831,0.368843519,0.0,Pan,32,Ebolwa
258,HTB2032,0,1.76396595,0.339106649,0.0,Pan,32,Ebolwa
259,HTB2033,0,1.89460831,0.368843519,0.0,Pan,32,Ebolwa
260,HTB2034,0,1.94686525,0.380749511,0.0,Pan,32,Ebolwa
261,HTB2747,3,4.36407147,0.902231946,0.0,Pan,32,French Cameroons
262,HTB2748,0,1.73783748,0.333164782,0.0,Pan,32,French Cameroons
263,HTB2751,3,3.2532888499999997,0.679442263,0.0,Pan,30,French Cameroons
264,HTB2756,0,1.9991222,0.39266105100000004,0.0,Pan,32,French Cameroons
265,HTB2771,0,1.6855805400000001,0.32128736999999996,0.0,Pan,32,French Cameroons
266,HTB2823,0,2.8352333,0.583722718,0.0,Pan,32,French Cameroons
267,HTB3398,0,1.84235137,0.356943631,0.0,Pan,32,West Africa
268,HTB3411,0,3.2532888499999997,0.679442263,0.0,Pan,16,West Africa
269,HTB3412,0,1.58106665,0.297561367,0.0,Pan,32,West Africa
270,HTB3413,0,1.73783748,0.333164782,0.0,Pan,32,West Africa
271,HTB3418,0,2.49556316,0.506022442,0.0,Pan,32,West Africa
272,HTB3434,0,1.58106665,0.297561367,0.0,Pan,32,West Africa
273,HTB3436,0,3.14877496,0.655505315,0.0,Pan,32,West Africa
274,HTB3437,0,1.42429582,0.262063975,0.0,Pan,32,West Africa
275,HTB3515,0,1.45622081,0.268358343,0.0,Papio,32,East Africa
276,HTB3537,0,1.7900944200000002,0.345050478,0.0,Pan,32,West Africa
277,HTB3538,0,1.94686525,0.380749511,0.0,Pan,32,West Africa
278,HTB3539,0,1.7900944200000002,0.345050478,0.0,Pan,29,West Africa
279,HTB3551,1,1.9991222,0.39266105100000004,0.0,Pan,32,West Africa
280,HTB3552,0,2.1036360899999997,0.416498874,0.0,Pan,32,West Africa
281,IPHA.1,0,1.7678405600000002,0.224541074,0.75,Homo sapiens,28,Afalou
282,IPHA.10b,3,2.60065524,0.36642058099999997,0.5,Homo sapiens,31,Afalou
283,IPHA.12,3,2.59695385,0.335489121,0.75,Homo sapiens,32,Afalou
284,IPHA.13,2,2.56734266,0.36064238,0.75,Homo sapiens,32,Afalou
285,IPHA.14,5,2.26752937,0.308917899,0.5,Homo sapiens,32,Afalou
286,IPHA.15,2,2.66357902,0.346891175,0.75,Homo sapiens,13,Afalou
287,IPHA.2,3,2.00102867,0.263528098,0.75,Homo sapiens,32,Afalou
288,IPHA.22,1,1.7345279699999998,0.21904974300000002,0.25,Homo sapiens,27,Afalou
289,IPHA.25,4,2.93007972,0.39278489699999997,0.75,Homo sapiens,24,Afalou
290,IPHA.28,1,2.73390559,0.389582582,0.75,Homo sapiens,32,Afalou
291,IPHA.29,4,1.86777832,0.24114322800000002,0.25,Homo sapiens,32,Afalou
292,IPHA.3,1,2.73390559,0.389582582,0.25,Homo sapiens,16,Afalou
293,IPHA.30,2,2.1675916099999997,0.291816725,0.5,Homo sapiens,32,Afalou
294,IPHA.34,2,2.10096643,0.28046603800000003,0.25,Homo sapiens,30,Afalou
295,IPHA.36,18,4.88,1.05,0.75,Homo sapiens,24,Afalou
296,IPHA.45,0,1.80115315,0.23005478899999998,0.5,Homo sapiens,16,Afalou
297,IPHA.46,4,2.00102867,0.263528098,0.5,Homo sapiens,25,Afalou
298,IPHA.47,0,2.66728042,0.377992193,0.75,Homo sapiens,29,Afalou
299,IPHA.48,2,1.8344657300000002,0.23558931900000002,0.75,Homo sapiens,30,Afalou
300,IPHA.49,2,2.73390559,0.389582582,0.75,Homo sapiens,32,Afalou
301,IPHA.5,3,2.60065524,0.36642058099999997,0.75,Homo sapiens,30,Afalou
302,IPHA.7,1,2.66728042,0.377992193,0.25,Homo sapiens,19,Afalou
303,IPHA.9,5,2.66357902,0.346891175,0.75,Homo sapiens,15,Afalou
304,MH10285,0,3.82372609,0.882500633,0.75,Homo sapiens,32,Ona
305,MH10289,0,2.80348116,0.6062030359999999,0.75,Homo sapiens,32,Fuegian
306,MH10291,0,3.66263478,0.838792417,0.75,Homo sapiens,32,Yaghan
307,MH11150,0,1.71850548,0.23921610000000001,0.25,Homo sapiens,16,Buriat
308,MH12316,2,4.70491348,1.88440476,0.75,Homo sapiens,32,Chucki
309,MH12317,4,4.11,1.0,0.25,Homo sapiens,31,Chucki
310,MH12318,0,3.7551766,1.64384771,0.25,Homo sapiens,16,Chucki
311,MH12319,0,5.17415106,2.38192059,0.5,Homo sapiens,16,Chucki
312,MH12320,0,4.07050426,1.8078161099999999,0.75,Homo sapiens,32,Chucki
313,MH12321,0,7.122425529999999,3.1416953800000003,0.75,Homo sapiens,16,Chucki
314,MH12322,1,5.96247021,2.79211585,0.75,Homo sapiens,16,Chucki
315,MH12323,5,5.1899999999999995,1.25,0.25,Homo sapiens,16,Chucki
316,MH12324,3,3.91284043,1.7258272000000001,0.5,Homo sapiens,31,Chucki
317,MH12326,6,5.01648723,2.29989102,0.75,Homo sapiens,16,Chucki
318,MH12327,0,2.80919362,1.15228136,0.75,Homo sapiens,16,Chucki
319,MH12328,0,3.5975127700000002,1.5618791399999998,0.25,Homo sapiens,15,Chucki
320,MH1503,1,1.5567015,0.180774282,0.25,Homo sapiens,32,Tasmanien
321,MH1505,0,2.59830314,0.344508735,0.75,Homo sapiens,32,Tasmanien
322,MH1507,8,2.77190342,0.37272427,0.5,Homo sapiens,32,Australian aboriginie
323,MH1509,0,1.99070219,0.247259539,0.25,Homo sapiens,32,Australian aboriginie
324,MH1511,1,2.16430246,0.274721254,0.75,Homo sapiens,16,Australian aboriginie
325,MH1525,3,4.2560049200000005,0.594066321,0.25,Homo sapiens,31,Australian aboriginie
326,MH1526,0,3.94,0.9099999999999999,0.5,Homo sapiens,15,Australian aboriginie
327,MH1670,0,2.42408033,0.776244648,0.75,Homo sapiens,16,Sami
328,MH1701,0,2.78851639,0.9297982790000001,0.5,Homo sapiens,32,Sami
329,MH1702,11,4.61069672,1.69965704,0.25,Homo sapiens,32,Sami
330,MH17264,2,2.7804026,0.352464829,0.25,Homo sapiens,31,Australian aboriginie
331,MH1860,2,3.86447049,1.18783346,0.25,Homo sapiens,16,Sami
332,MH1861,3,2.2418623,0.699594743,0.5,Homo sapiens,16,Sami
333,MH19776,0,3.85020685,0.656320224,0.5,Homo sapiens,32,Buriat
334,MH19777,0,2.1245438400000003,0.31661364999999997,0.25,Homo sapiens,16,Buriat
335,MH19782,0,2.7336013699999997,0.435423659,0.25,Homo sapiens,16,Buriat
336,MH19784,0,2.35294041,0.360915514,0.25,Homo sapiens,33,Buriat
337,MH19826,0,2.53499565,0.533816474,0.25,Homo sapiens,16,Yaghan
338,MH20325,1,2.68510328,0.358600079,0.75,Homo sapiens,32,Australian aboriginie
339,MH20326,0,3.2059041,0.443727895,0.5,Homo sapiens,16,Australian aboriginie
340,MH20912,0,2.64238986,0.5627457650000001,0.5,Homo sapiens,16,Ona
341,MH20913,0,3.2867550700000003,0.736905252,0.75,Homo sapiens,16,Yaghan
342,MH20914,0,2.42760145,0.504927738,0.25,Homo sapiens,16,Yaghan
343,MH22277,0,3.2,0.8300000000000001,0.5,Homo sapiens,15,Sami
344,MH22278,0,3.88182459,1.39148037,0.5,Homo sapiens,16,Sami
345,MH22280,0,3.7603459,1.34013855,0.75,Homo sapiens,16,Sami
346,MH22281,0,4.06404262,1.46850608,0.25,Homo sapiens,16,Sami
347,MH22282,0,3.51738852,1.2374796,0.25,Homo sapiens,16,Sami
348,MH22283,0,4.61069672,1.69965704,0.25,Homo sapiens,16,Sami
349,MH2283,0,1.8906304299999999,0.36143239,0.25,Homo sapiens,16,Fuegian
350,MH24592,0,4.468091299999999,1.05751031,0.25,Homo sapiens,24,Ona
351,MH24893,1,2.40333178,0.292732743,0.25,Homo sapiens,9,Khoi-San
352,MH24894,0,5.86886885,2.03446194,0.75,Homo sapiens,14,Sami
353,MH24934A,0,3.0381301400000003,0.49541643,0.25,Homo sapiens,16,Buriat
354,MH24934B,7,4.0,1.0,0.75,Homo sapiens,16,Buriat
355,MH24934C,14,5.5,1.5,0.75,Homo sapiens,16,Buriat
356,MH2896,0,2.21568264,0.26492640500000003,0.5,Homo sapiens,32,Khoi-San
357,MH3337,1,3.3493024599999996,0.338309356,0.75,Homo sapiens,16,Australian aboriginie
358,MH3616,1,3.3795043700000003,0.47226494900000004,0.75,Homo sapiens,32,Australian aboriginie
359,MH3619,0,2.2077025299999997,0.281636112,0.75,Homo sapiens,32,Tasmanien
360,MH3638,0,2.68510328,0.358600079,0.25,Homo sapiens,32,Tasmanien
361,MH4459,0,3.60500389,0.48683160699999994,0.75,Homo sapiens,32,Australian aboriginie
362,MH4460,4,3.2059041,0.443727895,0.25,Homo sapiens,32,Australian aboriginie
363,MH4665,0,2.3813028,0.309453499,0.25,Homo sapiens,32,Australian aboriginie
364,MH4763,2,2.2077025299999997,0.281636112,0.25,Homo sapiens,33,Australian aboriginie
365,MH4765,2,2.52000219,0.310683206,0.25,Homo sapiens,15,Australian aboriginie
366,MH4767,2,1.5567015,0.180774282,0.25,Homo sapiens,32,Tasmanien
367,MH5325,0,2.33790273,0.30247763499999997,0.75,Homo sapiens,16,Australian aboriginie
368,MH5327,0,2.59830314,0.344508735,0.25,Homo sapiens,16,Australian aboriginie
369,MH5328,0,2.94550369,0.401057301,0.25,Homo sapiens,16,Australian aboriginie
370,MH5329,2,2.42470287,0.316442127,0.25,Homo sapiens,32,Australian aboriginie
371,MH5330,0,1.73030178,0.206875973,0.25,Homo sapiens,32,Australian aboriginie
372,MH5563,6,5.1899999999999995,1.25,0.25,Homo sapiens,16,Khoi-San
373,MH8057,0,5.33956885,2.00797763,0.25,Homo sapiens,32,Sami
374,NMNH225025,0,3.7551766,1.64384771,0.5,Homo sapiens,16,Chucki
375,NMNH225028,0,3.8340085100000003,1.68483619,0.75,Homo sapiens,16,Chucki
376,NMNH225029,0,4.70115957,2.1358442799999997,0.25,Homo sapiens,16,Chucki
377,NMNH225032,12,5.5,1.5,0.75,Homo sapiens,14,Chucki
378,NMNH226086,12,3.4663045099999996,0.486555727,0.75,Homo sapiens,31,Australian aboriginie
379,NMNH226087,0,2.16430246,0.274721254,0.5,Homo sapiens,16,Australian aboriginie
380,NMNH226088,0,4.11,1.0,0.5,Homo sapiens,12,Australian aboriginie
381,NMNH226089,0,1.6435016399999998,0.19372066599999999,0.5,Homo sapiens,32,Australian aboriginie
382,NMNH226090,1,1.90390205,0.23367169200000001,0.25,Homo sapiens,31,Australian aboriginie
383,NMNH226092,14,5.5,1.5,0.25,Homo sapiens,16,Australian aboriginie
384,NMNH227455,0,1.16610089,0.126803942,0.5,Homo sapiens,32,Australian aboriginie
385,NMNH258483,0,2.53320304,0.333964284,0.25,Homo sapiens,32,Australian aboriginie
386,NMNH278701,19,2.83511096,0.45539103599999997,0.25,Homo sapiens,32,Buriat
387,NMNH278702,12,2.22605342,0.336255085,0.25,Homo sapiens,31,Buriat
388,NMNH278703,6,4.0,1.0,0.25,Homo sapiens,29,Buriat
389,NMNH278704,0,1.74388288,0.243978021,0.25,Homo sapiens,32,Buriat
390,NMNH278705,28,5.5,1.5,0.25,Homo sapiens,32,Buriat
391,NMNH278706,6,3.0127527400000003,0.49040738800000006,0.5,Homo sapiens,32,Buriat
392,NMNH278707,7,2.78435616,0.445403148,0.75,Homo sapiens,32,Buriat
393,NMNH278708,0,2.02303425,0.297066069,0.25,Homo sapiens,32,Buriat
394,NMNH278709,16,1.71850548,0.23921610000000001,0.25,Homo sapiens,30,Buriat
395,NMNH278710,0,2.0991664400000003,0.311717264,0.5,Homo sapiens,32,Buriat
396,NMNH278711,2,3.3426589,0.555632114,0.5,Homo sapiens,31,Buriat
397,NMNH278712,3,3.1613917799999998,0.47090129999999997,0.25,Homo sapiens,30,Buriat
398,NMNH278713,0,1.71850548,0.23921610000000001,0.25,Homo sapiens,31,(Buriat) Chinese?
399,NMNH278716,0,1.87076986,0.267965585,0.5,Homo sapiens,32,Buriat
400,NMNH283606,0,2.7589787699999997,0.440412318,0.75,Homo sapiens,32,Buriat
401,NMNH283607,28,5.5,1.5,0.75,Homo sapiens,28,Buriat
402,NMNH283609a,0,2.98737534,0.48539991899999996,0.75,Homo sapiens,32,Buriat
403,NMNH283613,0,2.53058219,0.395602419,0.75,Homo sapiens,32,Buriat
404,NMNH283615,1,4.0,1.0,0.75,Homo sapiens,32,Buriat
405,NMNH329778,0,1.86050198,0.226921034,0.25,Homo sapiens,33,Australian aboriginie
406,NMNH329779,2,4.01730454,0.55467185,0.75,Homo sapiens,32,Australian aboriginie
407,NMNH330604,0,2.14260243,0.271270581,0.75,Homo sapiens,32,Australian aboriginie
408,NMNH330605,2,4.0,1.0,0.75,Homo sapiens,13,Australian aboriginie
409,NMNH330606,3,4.0,1.0,0.25,Homo sapiens,14,Australian aboriginie
410,NMNH330607,3,3.4748036900000003,0.46547713799999996,0.5,Homo sapiens,8,Australian aboriginie
411,NMNH331242,2,3.140804,0.43304368699999995,0.75,Homo sapiens,32,Australian aboriginie
412,NMNH331243,0,3.90880437,0.53679133,0.75,Homo sapiens,32,Australian aboriginie
413,NMNH344711,2,3.31440427,0.461556224,0.75,Homo sapiens,32,Australian aboriginie
414,NMNH344712,0,2.40300284,0.312946271,0.5,Homo sapiens,30,Australian aboriginie
415,NMNH344713,2,3.3795043700000003,0.47226494900000004,0.25,Homo sapiens,16,Australian aboriginie
416,NMNH344714,0,2.9889037600000004,0.408156052,0.25,Homo sapiens,32,Australian aboriginie
417,NMNH344715,2,3.24930417,0.45085615600000006,0.25,Homo sapiens,32,Australian aboriginie
418,NMNH350096,0,3.6399047799999997,0.51517561,0.75,Homo sapiens,32,Australian aboriginie
419,NMNH350097,0,2.68510328,0.358600079,0.75,Homo sapiens,32,Australian aboriginie
420,NMNH350098,0,2.46086959,0.322275136,0.75,Homo sapiens,32,Australian aboriginie
421,NMNH380429,26,2.7417015,0.252520843,0.75,Homo sapiens,31,Australian aboriginie
422,NMNH380430,9,2.9889037600000004,0.408156052,0.25,Homo sapiens,32,Australian aboriginie
423,NMNH380431,23,5.1899999999999995,1.25,0.75,Homo sapiens,32,Australian aboriginie
424,NMNH380447,3,2.33790273,0.30247763499999997,0.75,Homo sapiens,32,Australian aboriginie
425,NMNH380448,0,1.57840154,0.183988868,0.25,Homo sapiens,32,Australian aboriginie
426,NMNH380449,1,2.5259697,0.332794049,0.75,Homo sapiens,16,Australian aboriginie
427,NMNH380450,1,2.85870355,0.386877709,0.75,Homo sapiens,16,Australian aboriginie
428,NMNH380451,2,3.8220042399999996,0.522500246,0.75,Homo sapiens,17,Australian aboriginie
429,NMNH380452,0,3.11910396,0.42948457500000004,0.75,Homo sapiens,16,Australian aboriginie
430,NMNH380453,0,3.2276041300000005,0.447291497,0.75,Homo sapiens,32,Australian aboriginie
431,NMNH380464,0,3.3795043700000003,0.47226494900000004,0.75,Homo sapiens,32,Australian aboriginie
432,NMNH380466,0,3.7267049200000004,0.529502645,0.25,Homo sapiens,24,Australian aboriginie
433,PMN1389,0,2.85870355,0.386877709,0.75,Homo sapiens,16,Australian aboriginie
434,PMN1390,0,2.33790273,0.30247763499999997,0.25,Homo sapiens,32,Australian aboriginie
435,PMN1496,0,2.59830314,0.344508735,0.75,Homo sapiens,16,Australian aboriginie
436,PMN1497,0,2.5115030099999998,0.33045443900000004,0.75,Homo sapiens,16,Australian aboriginie
437,PMN3064,0,2.33790273,0.30247763499999997,0.75,Homo sapiens,15,Australian aboriginie
438,PMN3064A,0,3.77860417,0.515359486,0.75,Homo sapiens,32,Australian aboriginie
439,PMN3065,0,2.82850164,0.264088713,0.5,Homo sapiens,16,Australian aboriginie
440,PMN7459,5,2.55490307,0.33747666600000004,0.75,Homo sapiens,32,Australian aboriginie
441,UCD2(1)b,0,3.7713228899999995,0.51293812,0.5,Homo sapiens,23,Native Californian
442,UCD2(10.1)b,5,3.7330602399999995,0.506666429,0.5,Homo sapiens,31,Native Californian
443,UCD2(16)b,1,3.6947975900000003,0.500397466,0.5,Homo sapiens,32,Native Californian
444,UCD2(2)b,0,2.59155783,0.342374303,0.5,Homo sapiens,30,Native Californian
445,UCD2(3a)b,1,4.03916145,0.556908606,0.5,Homo sapiens,30,Native Californian
446,UCD2(6)b,0,3.61827229,0.487868148,0.5,Homo sapiens,32,Native Californian
447,UCD2(8)b,5,4.03916145,0.556908606,0.5,Homo sapiens,32,Native Californian
448,UCD2(L-23-1)b,1,3.38869639,0.45035765899999997,0.5,Homo sapiens,33,Native Californian
449,UVS1,0,2.21568264,0.26492640500000003,0.75,Homo sapiens,32,Khoi-San
450,UVS10,0,2.4783914400000002,0.30392791799999996,0.75,Homo sapiens,32,Khoi-San
451,UVS101,0,2.17815281,0.25940161100000003,0.25,Homo sapiens,32,Khoi-San
452,UVS102,0,2.70357042,0.337708808,0.25,Homo sapiens,32,Khoi-San
453,UVS104,0,2.17815281,0.25940161100000003,0.75,Homo sapiens,32,Khoi-San
454,UVS105,5,4.113749390000001,0.43253829499999996,0.25,Homo sapiens,27,Khoi-San
455,UVS119,0,2.17815281,0.25940161100000003,0.75,Homo sapiens,16,Khoi-San
456,UVS12,0,2.85368973,0.36036166199999997,0.75,Homo sapiens,16,Khoi-San or bushman half-caste
457,UVS125,30,3.47,0.78,0.25,Homo sapiens,32,Khoi-San
458,UVS142,0,1.76532469,0.19980757799999999,0.25,Homo sapiens,32,Khoi-San
459,UVS2,0,2.85368973,0.36036166199999997,0.25,Homo sapiens,32,Khoi-San
460,UVS22,11,2.44086161,0.298325724,0.75,Homo sapiens,32,Khoi-San
461,UVS24,2,2.8161598999999997,0.35468995200000003,0.75,Homo sapiens,29,Khoi-San
462,UVS28,6,3.47,0.78,0.25,Homo sapiens,15,Khoi-San
463,UVS29,0,1.9529738399999998,0.226582834,0.75,Homo sapiens,32,Khoi-San or bushman half-caste
464,UVS3,0,2.66604059,0.332060722,0.75,Homo sapiens,32,Khoi-San
465,UVS34,0,2.70357042,0.337708808,0.5,Homo sapiens,16,Khoi-San or bushman half-caste
466,UVS38,0,2.3282721299999998,0.28157661100000003,0.25,Homo sapiens,32,Khoi-San
467,UVS40,0,2.8575721300000003,0.349137561,0.25,Homo sapiens,32,Khoi-San
468,UVS42,0,2.3282721299999998,0.28157661100000003,0.75,Homo sapiens,16,Khoi-San
469,UVS45,20,3.94,0.9099999999999999,0.25,Homo sapiens,28,Khoi-San
470,UVS46,0,1.6902650399999999,0.189297439,0.25,Homo sapiens,32,Khoi-San
471,UVS49,1,2.74110024,0.34336324399999996,0.25,Homo sapiens,33,Khoi-San or bushman half-caste
472,UVS52,0,3.11639853,0.400197497,0.25,Homo sapiens,32,Khoi-San or bushman half-caste
473,UVS55,24,3.05,0.96,0.25,Homo sapiens,27,Khoi-San or bushman half-caste
474,UVS56,27,4.11,1.0,0.25,Homo sapiens,30,Khoi-San or bushman half-caste
475,UVS57,2,2.21568264,0.26492640500000003,0.25,Homo sapiens,32,Khoi-San or bushman half-caste
476,UVS58,0,2.40333178,0.292732743,0.25,Homo sapiens,16,Khoi-San or bushman half-caste
477,UVS59,0,1.87791418,0.21579761,0.25,Homo sapiens,32,Khoi-San or bushman half-caste
478,UVS60,0,2.17815281,0.25940161100000003,0.25,Homo sapiens,16,Khoi-San or bushman half-caste
479,UVS62,0,1.9529738399999998,0.226582834,0.25,Homo sapiens,16,Khoi-San or bushman half-caste
480,UVS63,10,2.89121956,0.366038599,0.25,Homo sapiens,32,Khoi-San or bushman half-caste
481,UVS67,1,2.51592127,0.309538823,0.75,Homo sapiens,32,Khoi-San or bushman half-caste
482,UVS68,0,1.76532469,0.19980757799999999,0.75,Homo sapiens,32,Khoi-San or bushman half-caste
483,UVS76,0,2.21568264,0.26492640500000003,0.75,Homo sapiens,32,Khoi-San or bushman half-caste
