,Z3,X,Z1,Z2,Y
0,1.6942944530794015,2.46729223569683,1.18671892073853,2.760364448129227,0.30021660850873116
1,0.730470724913297,1.1434686237183327,0.6991165355084848,1.6229159063163998,0.41721251513331264
2,-1.3402929816525029,-1.7335512946968117,-1.7653102584699785,-1.3310751290301848,0.6341638249583998
3,-1.7125595929761985,-2.6770846599395752,-1.2256581338616597,-2.901473230428293,0.13989825491642832
4,0.2879392686827217,-0.038531330425293386,0.0822609812445742,0.5768209388360666,0.4245884580336192
5,0.828642347771625,1.4892694768436487,0.585243362449569,1.5517874969459378,0.07317213766080072
6,-0.2572047405753678,-0.42533403348959653,-0.26680269240714966,-0.47105898764396337,0.07191318470555091
7,0.03231923806394509,0.20667037102565305,-0.49245474071939,0.6587723762968306,0.834580768550514
8,-1.736239659187355,-2.8189243813390203,-1.6989250278125934,-3.3341060116415844,0.3730327300995306
9,0.5364097815246597,0.5700373669391011,-0.3577143747812756,1.019278716208593,0.6915308871371806
10,-0.6768278246734454,-1.0182473939142573,-0.8928813712054323,-0.6319279079394229,0.623565685489028
11,0.4527498822564084,0.40700142814584034,-0.4431105566730337,0.5724961377318603,-0.029071685500352662
12,-0.4136572959716231,-0.0008457651133247923,0.07959355947704201,0.05584878260119369,0.03923724482337976
13,0.26419598632065455,0.374513872448364,0.5283974335076594,-0.490768470565056,-0.47677099329275074
14,0.3520546691408118,0.7831242938349288,0.5018718645008797,0.7716364909789295,-0.32353802278505367
15,0.36447866709609344,0.7994265212589762,0.13739248465940385,0.44601574302339636,0.04117399946720113
16,0.07040830147812423,0.19061076195686194,0.6185119528181574,-0.07262588656186525,-0.508685464507554
17,0.796349100756753,1.1250413522885923,0.03366397236712437,1.3892612049985837,0.035135450493089526
18,-0.8391071571498332,-1.085667425278807,-0.5819124034003493,-1.6591405065518412,-0.2818001086053436
19,0.027442807032435984,0.5197933749887754,-0.29842267274812057,0.22425127270881512,0.27778719524738726
20,-1.544600171292676,-1.9932051054992046,-1.389837077838742,-2.122088987203502,-0.021759849795292052
21,-0.7716609022172246,-0.748399564129847,-0.6515068952733856,-0.6147435945942381,0.4385895293503231
22,-0.58864179582413,-1.1164354830229657,-0.39865989582210715,-1.6293704027136235,-0.3223449993828373
23,-0.16986140355257043,0.09958631057853934,-0.0190496996965846,0.08424673035546476,0.11521825080308071
24,-0.7624102385449831,-0.7816189322796576,-0.10385341767746603,-0.9760865498880462,0.03508344025598317
25,-0.6070439259523619,-0.9637605330919561,-0.37825578551919675,-0.9937242259860013,-0.12734248149148608
26,-0.7663022323521972,-0.6322345926456912,-0.42807702213858906,-0.8012111457518084,0.08207151836950762
27,0.9883760031215476,1.284476041136054,0.6621194785250558,1.949655515358616,0.2660914957107356
28,0.10602096397976102,0.5456623632129879,0.43468432146867036,0.21168360747498893,-0.12525873884713035
29,-0.8885064581305538,-1.2810426761133726,-1.046722310703703,-0.902569683440333,0.23176774808579778
30,0.8990036714203621,0.8487388422742974,0.8673041556212475,1.008081973597064,-0.5074401607557901
31,0.44592734549984164,0.9103916664281135,0.8924708215395375,-0.061526157073101856,-0.7883318033307276
32,-0.15173980877946613,-0.29384960971304247,-0.2827111460139637,0.00030031957740975224,0.16281955745768137
33,-0.5147032202818036,-1.1462667194331135,-0.2594069218450907,-0.6643139520218586,0.022189198231465423
34,-0.6270001002835476,-1.1848730007890147,-0.8606058952134001,-1.115711055533106,-0.274987938130402
35,0.03969894253706465,0.5593098964180985,-0.04440442394290883,0.752679390767423,0.42161802330508324
36,0.14038583071230162,0.0771940584316638,-0.424624215812245,0.2945118788199254,0.5197078446769088
37,0.3806387374664527,0.9513302912860813,0.5413878946579074,1.2413906454768648,0.6269063873242391
38,1.386693987899036,1.8151058111130567,1.2344895684465422,1.7053968886371464,-0.546954852539455
39,0.915128937304711,1.1625539637453046,0.6187534388247721,1.239333030671228,-0.27726724924215507
40,-0.10227544280210417,0.01674003126589116,-0.06356403257799707,-0.49495892847405726,-0.49585424273820256
41,-2.257117527341814,-3.200711220704698,-0.8962420306764727,-3.8066664834667345,-0.21329827078271074
42,-0.5449165554703008,-1.0637185252486794,-0.8067566689213295,-1.1999833274370388,-0.03278885834132972
43,-0.8372701651760686,-1.2915182537705847,-1.2150470052937976,-0.9432419819706024,0.2283145042004431
44,-0.6710225092399523,-1.2507287404558394,-0.6759995448099533,-1.1117492977735364,0.26126641100721454
45,-0.7121904750977419,-0.72282010725676,-0.45538381847406606,-0.7887197654377075,0.22515240956621652
46,1.1102331444553504,2.310876387927671,1.3212635439399945,2.524908616305651,0.06361716369882434
47,0.5024415849582553,0.8671521175985957,0.47294924406045724,0.919691759747896,0.27327377573059153
48,1.4487806663146396,2.7380667626866346,1.2784438628163484,3.424822812902211,0.2604877252644205
49,1.5826114550722368,2.0248599800985874,0.9725573117800771,2.63371088534846,0.3192348104496814
50,-0.8396726722009689,-1.3395941844662176,-1.0526623933484955,-1.082963744645217,0.6707360245091025
51,-0.5698066058791361,-1.1601512584267617,-0.6551157136346764,-1.229228974498695,-0.3745920822971899
52,-0.6249270103255983,-1.092537650603277,-0.4256422883101625,-0.9011477400795919,0.47006258887096974
53,-0.5575315520869909,-0.9382124015214882,-0.6210105908701067,-0.8417332149124555,0.33811151091648606
54,-0.7315652264059529,-1.4740581182730572,-0.7008932308946358,-1.3247022280648106,0.23318895069432669
55,1.2143984331338542,1.8619250967363816,1.4701032085648884,0.9675662884549765,-0.33660633921979394
56,1.1456821287099963,1.6454855533771313,0.8237762844702264,1.9559239428626585,0.2764904857953129
57,-0.0382960146591645,0.1379542082143364,0.5949860940452787,0.08270547113678081,-0.205807307256963
58,1.638062714141382,2.8258298420890755,2.2104634866795356,2.2777361822646345,-0.35075018489937
59,-1.964441062442318,-2.8913511480606617,-1.6921401222104935,-2.578945873723113,0.4710298351671379
60,0.4298754014046043,0.3593545300077709,-0.16725449841900933,0.6966430887188747,0.02696360748235682
61,0.3439029746868061,0.29934341966949995,0.12162787694802593,0.2762074861118457,-0.15727087422612812
62,-0.6891636460194235,-1.0806745848725339,-0.3062697141333788,-0.9341947847860856,-0.27384739226833443
63,-1.7268331755844912,-1.8702523645671612,-0.9438674980235878,-1.905364400353233,0.030996701308153726
64,0.9207619131147472,1.6230763880595644,0.3374794782632178,2.800845765865034,0.7279083944776934
65,-1.5728842350324732,-2.1744346663002774,-1.0419036065804663,-2.2919804429351354,0.10311230497363663
66,0.2602371715220612,0.9045078609035615,0.055570810684566874,0.5377584910094856,0.05177656840784117
67,0.686255725344011,0.6305625329576816,0.7311675987228847,0.23084138914021937,-0.46541253080851386
68,-2.0449329735204844,-2.9134521749586635,-1.4472188927892091,-3.2002691440750337,-0.01220398920246047
69,-0.734440835611267,-1.3728503707842294,-0.7380089526755095,-1.3956632610392323,-0.05450043368327273
70,-2.1591802360538597,-2.6229682326665564,-1.2085730979670435,-3.565878307440977,-0.3790448950048543
71,-0.6998189525331641,-1.3746418154106639,-0.9986995157964734,-0.9796757172942567,0.5259898526225519
72,1.6929387506294316,2.821796368713947,1.2183265291232657,3.7505234635805693,0.7172280879644053
73,0.9181889931397504,1.4059665967729906,0.7112106177702326,1.407918700244455,-0.1752344507633372
74,-0.9541314490744558,-1.2088686482424813,-0.28121151623804636,-1.7313084427581131,-0.12086133521069756
75,-0.8587950495298247,-1.0752191613266862,0.09572150452217998,-2.1928514015057523,-0.7542717051025798
76,0.1148646652929597,0.45643781732544453,0.52760441088055,0.8551782385496827,0.13936233683631505
77,-0.062407706605756404,0.22813369488798102,0.11739960691905449,0.30277391382061025,0.2040490133106414
78,1.1817413879476248,1.811078007330276,0.31969863590104686,2.221129007116717,0.5176054061140652
79,-0.16719313255358792,-0.3591252639111781,-0.38850501642600493,-0.7033404735073451,0.01201265806267543
80,-0.9269360394692169,-1.9124355305399467,-1.2196707431084797,-1.6987943118082691,0.16105175203495728
81,-1.209592159165293,-1.8629581737036347,-1.0282603306311564,-2.144669461535606,-0.0865062961481754
82,0.4230987849299339,0.6051486899186008,1.0237661735018764,-0.4507069459677112,-0.8804824033778371
83,-0.3825153613295341,-0.6152027852863362,0.12739052167774217,-1.0255395871750022,-0.5271729616214488
84,0.9473576116357153,1.3738777773402433,0.3393519634150397,1.362299396081652,-0.08118157371833518
85,-0.9347063068443444,-1.2628044258290603,-0.4535650658702639,-1.1850915923234244,-0.03704380589143132
86,0.7287270401518473,1.2087287996322187,0.29213901167987283,1.595749673707184,0.47677801722598256
87,0.6928000989249812,1.1666211650985776,0.9697314663667258,0.8602817349335217,0.15049705933201407
88,0.41047795754061156,0.5631783084168821,0.45467987518362984,0.11665926420411737,-0.2588930011665058
89,1.2417472371753093,2.023965772867521,0.9199360363953382,1.853452543187028,-0.16581991493648968
90,-0.03451483127593284,-0.5779692289717997,-0.2930195690197436,-0.31591452836275863,0.07516955195955874
91,1.4477592621621107,1.9336226002613361,0.735258787593725,2.3047324333041828,0.11919367423099257
92,1.1268480268979637,2.0533606318396984,1.0090005113895504,1.9046570506625051,-0.26807731690385567
93,0.6423365790276452,0.9701901319549532,0.23657253955376809,1.2415898995662125,0.33792199356652236
94,0.7576570782545637,1.3824370788300924,0.716156315232574,1.9592011083935887,0.7532854041359122
95,-1.549599447800172,-2.4107342440170285,-1.8368661170740501,-2.1424936699959187,0.6938823375538209
96,0.7729734998867986,0.8160424782094629,0.01561067531871807,1.4830879426234351,0.43847284830227384
97,0.33699394828953305,0.17318463086797098,0.37717009481451147,-0.12897184968071596,-0.47578258647782706
98,0.8264170694874233,1.267132527237906,0.7654565262924415,1.2216512491331153,0.12629889668120733
99,-1.411304923027656,-2.070526296929436,-1.3836978641140862,-2.062337454563224,0.0757677233367493
100,-0.24113527133643928,-0.13640319756641855,0.16960245774911217,-0.18904613282978738,-0.12602025142919
101,-0.3947804086845939,-1.1587240420651934,-0.7490093987097236,-0.7151320695619279,0.14659686038808667
102,1.9955736626840384,2.668213505084428,1.9864581249219557,2.5584994862624306,-0.8136929081665536
103,-1.4306530501028538,-2.106700126674395,-0.8269821933354912,-2.4239042905719748,-0.18164464947773484
104,-0.12229084345162189,-0.6147785112183195,-0.2778538948503477,-0.8826742776779074,-0.19622893914564885
105,-0.8082978406281732,-1.033256631617805,-0.42616567751044054,-0.7936364732846557,0.32087568732678207
106,-0.9868782412732169,-1.5199258316093942,-0.6507632927538862,-1.5934768741726646,-0.2756881503185218
107,-0.740215556744812,-1.0045826705273233,-0.7717066880947736,0.1719158873950118,0.7930136265296546
108,0.9399782434502245,1.3999940164395444,0.6259898864970821,1.1709908033114553,-0.018943629559463847
109,0.6009058930999644,0.508517673657747,0.6693633327692714,1.1697811481358733,-0.45970897151068457
110,0.4997551823041392,0.5493064885339096,0.6908689302279101,-0.015051628592194582,-0.905710228769524
111,-0.3438109956747533,-0.07510244864616239,-0.00028896724903484244,-0.4615347361228958,0.1840893073266257
112,-1.419480220890778,-1.9053519674569257,-1.4378716502961475,-1.9248553477701906,0.49318359325753597
113,-0.12665000552042524,-0.024089652238369508,-0.6036965621348481,0.9707870020926329,1.0546637893825592
114,-0.08556566739337276,0.2509985293480728,0.33188215947710464,-0.00653253512513563,-0.22487956816880783
115,-1.996533942582271,-3.065338112282483,-1.5313332196790517,-2.9681894227887136,0.0554215064195372
116,0.7819577569528654,0.9223801837307184,0.29525383709040764,1.1461680179021463,0.3289554783198738
117,-0.11917224648093479,-0.2910118498947215,-0.34917511252256134,-0.20753118941813314,-0.38763953854197963
118,0.962414723891379,1.4442518676674765,0.6618641332239235,0.7227278609232622,0.12492404703512577
119,-0.29431874439874567,-0.39788093057232155,-0.17299174012081742,-0.41034273443512437,0.08883082806103933
120,0.3153440937632993,0.2050619738779076,-0.30669480644229996,0.17546497737359365,0.07907959488566221
121,-1.1622639533985042,-2.0704651492866737,-0.8555284017652325,-2.3245501334766283,-0.4305884884858541
122,-0.2272836384831391,-0.0393918731416949,-0.19705068458412267,-0.22445762103292807,-0.06563927920195006
123,-0.08833604583351184,-0.6302612095277378,-0.39691714922967586,-0.08787683021554568,0.2609827104734178
124,-0.8968950550247671,-1.144045299116175,-0.336601625420303,-1.2094650099237072,-0.3109631115323262
125,-1.4375979530887995,-1.6505002455613282,-0.38070327390268127,-1.7598055295782726,-0.18938940132408014
126,0.3768369935756773,0.4746433894720857,0.0625846149603442,0.42343234526069534,0.009507563947180386
127,0.24781746001458965,0.5378731016796462,0.28329445411317905,0.36904542788036576,-0.35303973508606706
128,1.8435433779386563,2.316375978693115,1.0744902254518547,2.697618710691112,-0.2875874671880222
129,-1.9348607740088737,-3.01915034166928,-1.7486892504821336,-2.9449619635801425,0.11846101506262119
130,-0.6412663269681729,-0.3945090175317737,0.0011976223938960917,-0.08812549127077268,0.0745102117575982
131,-0.6428611005771024,-0.8123939574780551,-0.6850760771115214,-0.43627815938697745,0.5645631154861448
132,-0.15453690534750103,0.36657274634105763,0.2927697256843591,-0.8395701752492077,-0.1684541568532156
133,0.021310748873081424,-0.2669684271438094,0.22365004968663005,-0.4616517634392564,-0.21865604181102188
134,0.7522192518704047,1.671751784508509,0.7931034504818701,2.0632749383401277,0.2941630090644442
135,0.5492689617776128,0.6841459776907652,-0.032079076184281075,1.8260658594252968,0.47546553199015185
136,0.6998983950204984,1.8895057187096056,0.6694839165309676,2.2731009215679707,0.16989968472367273
137,-0.5014385106703279,-0.7042951874296163,-0.17751177371530985,-1.2571513485015853,-0.057894775854140074
138,-1.3700502117858566,-2.126739601525267,-0.9073651804233883,-1.4058194241351318,0.5088346072334733
139,-0.12075919732800085,0.3442125675610062,0.37863618455574605,-0.7485573420316317,-0.28738786751650547
140,-0.18803147532337444,-0.3456800826317851,-0.3950662207690827,-0.6312932022590358,0.33572798980811586
141,-0.45589916964630073,-0.6221951062286449,-0.20727688795409938,-0.8135594081729339,-0.22817733941469964
142,1.3433303768466702,2.0009323002942216,0.8905169524783458,2.7094905381158645,0.7317937765918379
143,0.15114676326582244,0.578282531829559,0.4609191847136891,0.7578268724034316,0.017062004792498475
144,-0.46788407713474256,-0.8406962333678077,-0.5973662513019254,-0.23700660601660561,0.11843501233291853
145,-2.190769990078125,-2.928012942520847,-1.743925830019505,-2.9852286605543927,-0.18335867218950788
146,0.0013849342510444357,-0.5819634741078502,-0.9320626387121187,0.11827883755293125,0.6170086130242591
147,1.2428193828285579,1.7675945143834566,0.6302303279038366,1.743562070339671,-0.057828501560433926
148,0.4906946814102194,0.7389322776210282,0.2340997886762528,0.6733671490270345,-0.012655429770657103
149,-0.25312173264625837,-0.5316829463345899,0.04302818016398319,-1.1256269063191482,-0.4609208302358683
150,-0.0657004433773853,-0.5269130650212885,-0.28488866761101145,-0.25101544181530255,0.03572652018777176
151,0.6611907251730313,0.818488708052141,0.5811948844031085,1.2133463854161008,-0.10258222860405973
152,-0.10134523445674767,-0.008200846645293941,-0.09861931894026958,-0.3008677375627084,-0.2606557221618853
153,0.15294891287316179,0.34358321636575834,-0.15994041216223118,0.6465844211125436,0.17801162013845195
154,0.3237563806388147,-0.15199463938848534,-0.31663912590193694,0.4599105662464132,0.43001256557590445
155,-0.13884824101915572,0.6662774693997957,0.030761852218390395,0.7554402751319206,0.38040598532706593
156,-0.37571239723746647,-1.0534827406793732,-0.6359344777484892,-0.698232077229381,0.30915195890953917
157,0.3131044592765036,0.6602307596345833,0.4763589642901519,0.7705634970516549,0.16028248233682188
158,-0.003087148384325882,-0.5699618832252338,-0.41003277612042044,-0.11865684300360116,0.21718928770564036
159,-0.9373808759243067,-1.7873953417550126,-0.829097974293072,-1.3613320233312232,0.17202424305769798
160,0.3416756283729221,0.3941171722445877,0.09041429646161224,-0.16028203344478975,-0.058373658053091346
161,-0.5731234957793963,-1.143384018212972,-0.6193496788796695,-1.0933211949037474,-0.2627914124059082
162,-0.6590548102406857,-0.7793907670224984,-0.10779011977798503,-1.2684711672162892,-0.11465595174314798
163,0.46799297718661553,-0.30861967566259985,-0.09843287207566434,-0.07008890248921976,-0.31321813119005476
164,-0.22314207766256713,-0.4300644582636449,-0.031135769781786254,-0.2793641839797654,-0.34663209020707697
165,1.0719813791413286,1.1312973326477356,0.5219184783185933,1.91218847748556,0.38841626055624356
166,-2.0061501304838303,-3.079314385037525,-1.7524641606388105,-2.7051104143436215,0.21782813065679643
167,-0.7841187717108719,-1.1691358394564568,-0.5529180494140455,-1.4224722180578837,-0.22083627923047186
168,-1.3117578376797436,-1.5670881112391433,-0.81171905547178,-2.310677682849147,-0.45365061723335354
169,0.7923640822170414,1.1759490630757314,0.5380450263324856,1.3592634794813465,0.39276577515001354
170,-1.6557113686836982,-2.531075191035032,-1.6790881942488995,-1.9446723486210515,0.6856971058334587
171,-2.95411029932326,-4.550571843984218,-2.263072282687596,-4.716357547763623,-0.11156365529302585
172,-0.10452233134981234,-0.2775558160623868,-0.0040655459728760335,-0.20124158364646505,-0.09177772165568396
173,0.2571846271287121,0.003181120291076811,0.060340035408307235,-0.18549705031320768,-0.264213508632096
174,-2.3754048308689804,-3.599120740928089,-1.7540275899057485,-3.866638240909007,-0.5339512185015636
175,1.2770777448603101,2.082543881333309,0.5839487802166634,3.100464289476598,0.9883153815898238
176,1.2743441882078497,1.2867938694300234,0.6542429062564445,0.7305178496609804,-0.2662414139724976
177,-1.0380659491062991,-1.6112378538235854,-0.8461999597030382,-0.8564673586651312,0.03789553661694679
178,0.6652858251229221,1.3714279652270691,0.9087564305870932,1.7043982320359365,-0.07785348394017762
179,-0.2128735547896565,-0.4314770396822617,-0.13140853493637566,0.24232214086688475,0.30812959685410374
180,0.42655627565493476,0.11545782926307446,0.4341143850836224,0.258305585155669,-0.08168368876605467
181,0.748101914330254,0.8116523448347639,0.8808389035225557,1.127803488390137,0.18781557551486827
182,-0.9314559611598421,-1.7191196971353282,-0.5191057190699797,-1.9603087913033275,-0.6829649818540089
183,0.1906159094653742,0.5412513212004161,-0.14545740925228662,1.0347830185144196,0.43598001826515836
184,1.0272085554153105,1.782149621748323,0.3802200961470681,2.1859306257621394,0.6323751659079883
185,-1.0091663578952992,-1.116476139288068,-0.8163586248258423,-1.3940222244081801,0.40324249885276436
186,-0.9117522967352852,-1.9035167372201909,-1.1348277788675398,-1.9845693740401469,0.008471127978722542
187,0.1285551372983358,-0.10902416614601063,0.1336074733621917,-0.259265524655658,0.05381695107258813
188,-1.2263800276381345,-1.7753774731876864,-1.200714893394094,-1.0369697616445905,1.095404022333912
189,-1.3490299506446601,-2.009833499927283,-1.8844191080655677,-1.434540099783348,0.7766756868166046
190,-2.6420612754545645,-4.043465815420277,-1.8180009722208008,-4.6375660738476645,-0.025936479001934465
191,0.42983421368668967,0.5217623628039989,0.49324183853615655,0.7779516250504187,-0.2689588189354491
192,-0.7148626355454222,-0.15633568039649015,0.17769092376081252,-0.3168912034446142,-0.12562545277387993
193,-0.4787334682496066,-0.8732038281075809,-0.42528170662400255,-0.538479365927796,0.24489334448101435
194,0.19653290565282833,0.523694219443285,0.3566049653658601,0.2023788295955511,0.11269690645100151
195,0.07376448306594197,0.682679160271944,0.07067275187873617,0.016577044868576696,0.14928016845330178
196,2.1181701599954317,3.2964633494529787,1.51400639611787,3.2258972775094756,0.18541918431344956
197,-0.3940882273341722,-0.5414874867981264,-0.2811541462230586,-0.8947695420576643,-0.2553410201774138
198,-0.0047979847430479885,-0.20609507925645873,0.06899093761220686,-0.32149686668292893,-0.10129488915056657
199,1.3858336540423604,1.6988006323582185,0.6540865318734965,1.358951553259385,-0.41247791491454544
200,-0.9257916618524498,-1.2871531508886798,-0.3495476839785062,-1.2763667974737427,-0.1413217541631714
201,1.5584602182257703,2.4795098797673196,0.6285546496149971,2.666532070211056,0.3533111582130819
202,0.2137826410094621,0.40466745542765015,1.247501088503468,-0.4912595359641973,-1.1838585892164815
203,0.0075264813286473635,-0.16705035693506384,-0.06385932261595784,-0.5434271216670116,-0.1939486494613381
204,-0.13675974547337152,-0.4693791098067308,-0.6142602993299442,-0.31950571018021046,0.43236535581848556
205,-1.40278356077634,-2.0860357323135825,-0.7760879060742314,-3.0296515229717733,-0.6848629043819341
206,-0.3997322273017009,-0.45594542784361614,-0.13408031789027208,-1.2221927912930697,-0.5939080428933867
207,-0.9705955095969974,-1.8047782613240697,-1.4419710829223966,-1.3805081567304427,0.3721204681805103
208,-0.3622776632276416,-0.675884218260585,-0.5054139429107822,0.30074724178269774,0.5438166485464837
209,0.5473930395594331,1.0085418780969828,0.021912982673986114,0.7820002648416251,-0.12208181236220739
210,-0.5848880019653356,-0.8775981927604604,0.15328992052475454,-1.792173716194739,-0.686265298269377
211,0.6043821905479551,0.7065151737403569,0.4630278588648324,0.996130829735987,-0.13193335954718252
212,0.2267806049808992,0.7431152048419917,0.6916840768171086,0.3002342444459913,0.0479038440112019
213,-1.4562884017688635,-2.6163229829013654,-0.8739726890885032,-2.627606770549383,-0.4642261741667547
214,1.1459544392979506,1.3640753863079373,1.0772537173188326,1.5035686179050425,-0.3418818043395855
215,-0.8851589325102354,-1.7597320625293313,-0.6080897160373655,-1.7945141555230133,-0.41904117476005664
216,-0.5879481355858971,-0.6941792348494465,-0.3608507579597594,-0.9045249086789957,-0.2784002690793619
217,-0.04032588411047742,-0.10450992813202101,0.010624820011057134,-0.5137142057257675,-0.011543136606631553
218,0.7015215294346298,0.399968976384403,-0.15476841000282798,1.066078714033953,0.2610712925250411
219,1.1943092187307844,1.6084276790018326,0.6428698110502681,1.807851370571912,0.3177515583257622
220,-2.688603127842901,-3.670481187738215,-1.7012979116420757,-4.69190717785699,-0.24949366356603714
221,0.865525280993394,1.0512824425859233,0.3956006314794681,1.025580714305007,-0.5982079603543364
222,-0.43364550692097426,-0.08863167020647478,-0.49473437712365304,0.09305874446602469,0.5035819986693665
223,-1.5239221252112174,-1.9441487282401577,-0.8492787262248064,-2.2085176996670564,0.30233979864122346
224,0.40835069737656415,0.25777669854776664,0.25219231497301664,0.4748176165212266,0.06403164538004655
225,0.43895318502442005,0.8546373034983787,0.07889552696310392,1.4041559530122514,0.4536293304958354
226,0.12393318165042777,-0.13015991832633422,0.20796451327341203,0.48251058635121696,0.2707694879185632
227,-1.4237479705694707,-2.1550150414780345,-0.7385562677935575,-2.4892300755842562,-0.20504220637338685
228,0.02861927083555627,-0.11459671577257854,-0.3368719921930346,0.0642686494299266,0.35482265908412497
229,-1.3115120693045992,-2.0186419601753305,-1.2456443618446873,-2.367667725850499,0.036575033641276455
230,0.9707672599288303,1.1816449876924369,0.5474541581139148,1.3107496601368898,-0.1446382831683082
231,0.9586102395591116,1.7987550039685134,0.5173951745420482,2.4244867000033508,0.8148338279310228
232,-0.9402875561936994,-1.2941513826370352,-0.6951161824013666,-1.3047933640504816,0.4556524620660528
233,2.1136823332335806,3.5894388289583254,1.6687371809657625,3.580725543009954,-0.09931862127928125
234,-1.0764434546593538,-1.3452374172407595,-1.1589521407568095,-0.9345693034553765,0.6044821534637261
235,-1.5409419054429472,-2.5165555313266923,-1.4466211210255213,-2.3884158930922132,0.08654408916580357
236,-0.16690065965597237,-0.3265691866320193,-0.2709952253681897,0.6207102936300958,0.34917400198583953
237,-0.6312916193774382,-1.177486807117246,-0.8375304306079729,-1.6107785539448767,-0.124046124428664
238,-0.032049186462417036,-0.05394165718663909,-0.07638295741767294,-0.08316460573806134,0.13564394612313566
239,0.8849711518606417,1.0772974127619583,0.15785750514248825,0.8559601087723708,0.3175091353566225
240,-0.9977058759184589,-1.2468016250516631,-1.0338525405736898,-0.8215237823373986,0.1325876222447218
241,-2.220419021085133,-3.4356939468554812,-2.0429251123491246,-3.4691125845104054,0.33346293234022556
242,-0.7394957113520724,-1.3230616985738173,-0.38668038814916184,-0.9447922135593689,0.08495189284869031
243,-0.1409610871564741,-0.4117661089695735,-0.26448804243584745,0.2037623425594013,0.4779575433051801
244,0.722655212153676,0.7114111419235896,0.35694469590696837,0.9158359830237828,0.07843113615737374
245,-0.5860726866826187,-0.7463501914842735,-0.668733907526237,-0.9406071938723894,0.11108317321322306
246,-1.9639363949859492,-3.0053132105596627,-2.1133343249346415,-3.0352553274446934,0.334207600131308
247,-0.19535505948646656,-0.4751925860785815,-0.7757623143521473,0.763237512476916,0.5246991529711135
248,-0.43148250699347007,-0.287207146827216,-0.12083070461888265,-0.9997207135200384,-0.4319435315830916
249,0.0005614292352291075,0.31550309781741365,0.2035766979196729,-0.30871152835961535,-0.37770108186337187
250,-0.025828851590736213,-0.05468324791697855,0.09454523195597314,-0.882953067092477,-0.6546564207053192
251,0.9015143326323578,1.3228038998328822,0.7879577215629463,1.9225128359697667,-0.3642957217856016
252,0.668836353764033,0.8484518389799696,0.6106963489123647,0.8465408734963268,-0.1292172853989436
253,1.0488604759197704,1.413154801579302,0.3855546618251324,2.5091879636451866,0.6233795286740201
254,0.5350497186064526,0.9769921186649102,0.42429645405018795,1.1947159315977611,0.20997996104312153
255,0.9029711036766486,1.3060993229156808,0.5320019965436029,1.7257949809383029,-0.235772251420628
256,1.9153001710571331,2.576135528165145,2.0436209345077825,2.5882514406659327,-0.9150094544052747
257,-0.026599535486462725,0.5277180441067245,0.07039019824390483,0.08909322823547211,0.1543748756268916
258,1.160127847056955,1.3305117092029366,0.06331488020625842,2.7452188622446236,0.6704161023463435
259,-0.9648467036766227,-1.2496771111062375,-0.6574492201257733,-0.8760033603434617,0.18129808296609878
260,-0.7229758269372525,-0.9152810808355368,-0.698586551215758,-0.4273116388708172,0.3770513349119695
261,-0.2444267401311939,-0.560490516460824,0.06170135007246308,-0.8598794649024317,-0.2408744473302079
262,-0.7613489558650225,-1.2380489625057047,-0.2836088420754711,-1.1791261671941105,-0.16493844942748553
263,-0.8911180005139073,-1.0182852197955092,-0.04229446557961536,-1.0666276316818122,-0.4719116848078642
264,-0.688931203000617,-0.9137490089322424,-0.7075346617554481,-1.252385762842914,0.008338425769908092
265,-0.7977210224514559,-1.197424517310191,-0.03483734065204802,-1.8971823831525212,-0.39863613288291916
266,1.7405180370069466,2.4710496516055036,1.640399583270423,2.169689139224208,-0.6287438520750948
267,-1.5759038088610462,-2.2260772616242575,-0.6687170709168899,-3.006801950923361,-0.4189317859160616
268,-0.275837430650276,-0.38913211988915036,0.44019896050369933,-0.3728826767664339,-0.39569810258401217
269,-2.192878601465576,-3.1572440425464556,-1.053821143524679,-3.179128379458356,-0.09992081936365715
270,-0.4263509366465591,-0.3289463434905878,-0.19127210349754914,-0.02383979656833074,0.1977589597840448
271,-0.8178463119974865,-1.028297906205379,-0.951101134330772,-0.9480343839479428,0.19292049502102682
272,0.6425856756589041,1.1968886680114996,0.8993204575178769,0.54402983110442,-0.5516208421899427
273,1.1760063063396764,1.9421558212826344,0.8427546341444248,2.1991453043925246,0.137144493564255
274,-0.9802791411222034,-1.7531353334092725,-0.6839078987227499,-1.5743357618339875,-0.0010683667968902355
275,1.202841661334976,1.9133311946328335,0.68194176655585,2.617614469568173,0.79357373605156
276,0.5689233590585261,0.4696388331507325,0.08766783910841272,0.46303115616615886,0.4162874699388929
277,0.3713851689553279,0.7512379811347532,0.6396138907594291,0.32154507473553395,-0.14773007031832458
278,0.45721552422927825,0.7874218784222105,0.07930711279114505,0.8140626995745578,-0.19143690889087445
279,-0.27824816905762284,0.05146237633882367,0.2996824692228562,0.31429294758754234,-0.013823238445064223
280,-1.2210117614234457,-1.906003068263282,-0.8145384139069181,-2.087850661330922,-0.1112173198054556
281,1.058663953042352,1.560227220075678,0.6256445915041892,1.3933601793401154,-0.12298697923956475
282,-1.265396168088191,-1.3706825705642998,-0.4925997855439411,-1.6726136166248384,-0.4793078383450219
283,-0.40279628891174685,-0.5022393568417074,-0.4803667955972835,-1.2222542258910405,-0.337509154256832
284,0.2677935479836873,0.3631205825350453,0.21312296178351176,-0.18900703139742758,-0.28339597557337276
285,-0.26282133828120935,-0.28591593150680783,-0.056150236248107666,-0.5132867637345995,-0.33673871405409034
286,-1.9536224762971535,-2.868986267815374,-1.5143705591613423,-2.7963524973260534,0.2982987328313561
287,1.1661557832929836,1.9738594283627735,0.7615405707622449,2.0215234698064237,0.47388263623450233
288,-0.3612650153585123,-0.019608973358353765,0.3927180048373255,-0.3006549936682972,-0.5527515069986229
289,1.0055383400378592,1.8110642485669817,1.0010960225616414,0.8075833732046837,-0.439045324425561
290,0.6410375597188719,0.665339017878954,0.07346606095535468,1.334750909611945,0.4009049751003662
291,-0.32493470480808107,-1.100600928781926,-0.4463525740289346,-0.5385898270621369,0.23263067607344962
292,-0.6207737578351586,-1.3572233917049,-0.6900975408868752,-1.3608445667656976,0.20293269487451582
293,1.1744473738006456,1.54655886263842,1.1087492267042318,1.0117239517810477,-0.525206851773047
294,0.521012368451966,1.2188538383393575,1.0446230465888469,0.8102269153540573,-0.3960940197981388
295,-0.895236631040704,-1.2851679912816065,-0.8235542603042638,-1.0225624625505967,0.21973190419489136
296,0.3278005047232265,0.983223838463517,0.07617196618163824,1.7173898710989302,0.9480048001207888
297,0.3143690891222168,0.40285137287083916,-0.1026789703979239,0.5481773659097683,0.02912609167157726
298,-0.40026664485222435,-1.099611746426179,-0.34658608767500465,-0.4856928270316365,0.18354445839030203
299,0.9714112125593779,1.3905000030930408,0.4082266876293674,1.5171423678846838,0.25195102109131035
300,0.7409990880009076,1.3325566580493684,0.8309198248568783,1.677061462894743,-0.04198058974553469
301,-0.07484871091879493,-0.1097349412140759,0.6204625006084896,-0.6838962011479115,-0.6315452780539516
302,0.15238994800860373,0.3100196379831108,0.16232761970073825,0.5067807168088077,0.40968373909670835
303,-1.3014999263584732,-1.8700758548052088,-1.1048281447569517,-1.9679013913691756,0.25287044814485315
304,-0.9184998901675091,-1.4925552704057117,-0.28484174621697916,-2.601179393865711,-0.9891000120890725
305,-0.5964777612987623,-0.5843471103574107,-0.15529377762226237,-0.9215385672765225,-0.291127846647839
306,-0.2080612449717595,0.2673882042871788,-0.38138333579446443,0.1069593323724815,-0.14595012107722877
307,-1.3646434164777679,-1.9982353747418495,-1.2114795161402132,-1.7654963880998233,0.14258790055434759
308,1.1987339073906431,2.1829676949845824,1.5498769835894124,1.6248485001119517,-0.37830466107304705
309,-0.7900185129750213,-1.1943826277110923,-1.001540788494173,-1.0219574154168298,0.16485757215824173
310,0.8797667438763378,1.6195721096265274,0.9050299395575209,2.0513557015106763,-0.13178329525533347
311,-2.404115154530962,-3.728095828993183,-1.2940128046007142,-4.1134622490584585,-0.41289940620039706
312,0.6543668078988072,0.8427836511803435,0.8045119307103801,0.35451400934843885,-0.5315803023540804
313,-1.1620288798092429,-0.7325756335377118,-0.2691463048551794,-0.3858991606526959,0.6156915538867844
314,-0.2521785959923077,-0.28410506379050204,0.605313843556385,-0.46113891363383147,-0.7319374851128483
315,1.8737529559046873,2.6528662782179904,1.3468265355648683,2.705505254642929,0.36410518681467674
316,0.23430327469799828,-0.11834720387300979,0.5984543255936318,-0.4810060640779968,-0.3150549406881593
317,0.4278419163928542,0.821658923998785,1.0454294890500293,0.9822603236543042,-0.518107123082835
318,-0.965316995411636,-1.252911364181086,-0.3906579369148219,-1.7078291065495732,-0.35382928930825985
319,0.13773245937229536,-0.023588900655643535,0.11402582516601469,0.04549502800320432,-0.44518198363452305
320,0.5159602163728364,0.0962421498488153,0.05948139566041051,0.6115260598033561,0.20143986770176223
321,-0.9721776277383629,-1.608046745144884,-0.8535999129591347,-1.5154815624748101,-0.13970966358851042
322,0.1293627433033299,0.27063337314243546,-0.12330394613054904,0.9278916826067968,0.8680020531824438
323,-0.10846805838787567,-0.3495785119460055,-0.15903088513591535,-0.5699326287406432,0.10562152704663398
324,-0.08693571292275927,-0.246208642925827,-0.8054153139347949,0.29578193617966564,0.6103643099149012
325,1.5771601582484454,2.41844181632997,1.5837667145432035,2.5086562662354264,-0.22564155904834682
326,1.2612935684229432,1.8212262079626846,0.5081999576242329,1.9039783483249695,0.005039198791311872
327,0.9196612044134053,1.7209232446842107,0.8459884945025856,1.5929029284377119,0.2814456758268317
328,-1.7607053098551613,-2.4101072130717167,-0.9463745656841476,-2.48965508246735,-0.31866480266649994
329,0.4235348809150592,0.883435066565804,0.43183513144686747,1.0529528451519772,0.09736735781770493
330,1.1817610517606434,1.7455711294668097,0.727826654922338,2.4210062538642267,0.5358353807899672
331,-1.2181574118881586,-1.6201648527972214,-0.3883207072376121,-1.9142302785966467,-0.3081514932745289
332,-2.0315017981705554,-2.9007791177384714,-1.6836116926614937,-3.483858393562965,-0.27198156264531625
333,-0.9498330129408121,-1.3128085143696129,-1.447059537273406,-0.5066103233156729,0.7058611489879791
334,-0.054580509374049645,0.15048841789277462,0.16116043896836413,-0.35244178373446133,-0.33636587410718044
335,0.4693649237198537,0.6353209536567306,0.4448540445924316,1.2469833214821244,0.28163832218526424
336,2.04168441373905,3.1015576502860185,1.7220615926999767,3.8563543101919056,0.4274563429096188
337,0.9090938867812225,1.0568402377758714,0.8878244479301305,1.1307046036526531,-0.20805391479092644
338,-1.7226617958240256,-2.187977324243962,-1.2638034751478862,-2.116084760519794,0.5313677968644268
339,-0.6383669822358836,-0.84929951052258,-0.29072660023380387,-0.8491892012037927,0.551535067865963
340,0.1539049850011114,0.03430103284484157,-0.22332118712761817,0.295543153390335,0.43560944641312704
341,1.0533573970135999,1.4905111238838404,0.6860077437340006,2.099853310128219,0.542373992864374
342,0.3046664053025924,0.23982956895479088,-0.5556798420968313,0.39284045717909843,0.8753873811135542
343,0.9308780426413009,1.2933902730860163,1.0503250870691274,1.8079717942574016,-0.22777031873061704
344,1.9591803429583359,2.518671969246915,1.2213008923282362,2.8110346349280206,0.11777526958850842
345,0.5133290748884598,0.7513304932137076,0.7537280643632639,0.863291040167439,-0.11203255798575848
346,-1.9819539149140017,-3.142310193629224,-1.4512103304942523,-3.5837411244426507,-0.28705539998351226
347,-1.0330351572310343,-1.7340016673752388,-0.9145952433541611,-1.291277831923893,0.393060137561282
348,0.8989222526029864,1.4154383339463923,0.5473703680648239,1.800059988142443,0.26968724741052097
349,0.13356054506177947,0.2984333808057348,0.6080808632419941,0.5552886417108097,0.2510912079315415
350,-2.232219792093726,-3.5639349010596013,-2.1696754732167993,-3.8974871937605498,0.1332863691779513
351,0.7375551170986189,0.8163688074910112,0.5855304469442641,0.9868547037428315,0.10452781720661708
352,-0.9602154992606204,-1.293000078817904,-0.4474292622315338,-0.8918728634243461,0.41919325294749504
353,1.4616144252187404,2.5142176741291054,1.052653543042087,2.541283610064455,-0.45528133165716894
354,-0.16569988632123797,-0.05199305831080672,0.20918833642969353,-0.6430942623693467,-0.494641990797838
355,1.9485303502818685,3.101103184764615,1.578224037935369,3.2757313062184665,-0.3381293427363712
356,-1.2203307001882389,-1.645888663954711,-0.7852583132641665,-1.803240670080369,0.105533204109481
357,1.8386181841832379,2.4513647137080925,0.917786999208368,2.776316197984511,0.1973600178654155
358,0.016550641260918254,0.015529014280621615,-0.5477959260311389,0.8817469420609401,1.1177966322549353
359,0.5175414449238062,0.7762328982696797,0.47872022600021724,1.0694712752003181,0.09603688086327347
360,-0.6847979595371557,-1.16140758820917,-0.8440586527497667,-0.953348961208722,0.41739708866586944
361,-0.802662690619613,-1.3262130351506942,-0.6752193921940306,-1.2834306265398674,0.547802556263772
362,-2.710245580418473,-4.163594573060631,-2.103506531192383,-4.567990290292961,-0.03559817030723533
363,1.4135743020087173,1.970768063842407,1.31623941693404,1.691490051078565,-0.16603110996280113
364,-0.3902491396248734,-0.06009280318771715,0.047687588139126325,-0.7166699367208983,0.11935548121572734
365,0.07144242166843835,0.483929999837368,0.4789630387062165,0.19745142574920987,-0.4146084759489546
366,-0.6949602239046981,-0.607352838806546,0.6036878256627216,-1.4122849349053563,-0.7838938623799194
367,-0.6327469735283747,-0.7426851162334661,-0.32396647048130417,-0.3680919969095041,0.14799818375497786
368,0.6350849681443119,0.8544291722621528,0.7420744436920739,1.084884654038039,-0.11468507406859263
369,0.42856635660677006,0.4034142222605329,0.19491951191468437,0.06966815760788303,-0.31443958305005454
370,-0.15699635888704283,-0.6331272089656688,-0.1068613209454918,-1.074026932713826,-0.2590744665296628
371,-0.15320831484940065,-0.715000804486813,-0.5878857905245973,0.2001264865760034,-0.021758829683174885
372,-0.4129662437550275,-0.8067616182296931,-0.9494735309344752,-0.09405161338727612,0.769216019281443
373,0.9966343968410866,1.694118702761065,1.0839764662715603,1.455674921377957,-0.31271934288895975
374,0.18738239120302966,0.20495197597874043,-0.019587573098751365,0.21665157675846142,-0.4309553039077586
375,0.3229053633880988,0.7311960649029914,0.028654414015296226,0.09252212270159788,-0.23625848513226377
376,1.4645801684375968,2.171343391937515,1.0645839225713847,1.8251157830268123,-0.0323733015736985
377,-1.0981961708331363,-1.466898944516025,-0.6570984624750141,-2.0013612283084967,-0.1665510334499643
378,0.6266689944645346,0.9129544529676126,0.3778385146268422,1.1215582363545051,0.5258269445243642
379,-0.2833905617849232,-0.31170888607312186,-0.6803048835375647,0.15578195725992397,0.6215442641713651
380,-0.6025472536288266,-0.826465910336869,-0.39037026240943257,-0.8405471115902998,0.29839685443449904
381,-0.44778793023632274,-0.3387000623960224,-0.10952974659587542,-0.3067078724977127,0.15610844431497448
382,0.2149341821165108,0.04875427151369982,0.2307042034323443,-0.06589707495167113,-0.6499232979137519
383,-0.7981510330714553,-1.3993418579028742,-0.5299354271137611,-2.0841253106862587,-0.6647232521872073
384,-0.3257907502425108,-0.3297420298688557,0.3767759353201014,-0.06911726113956432,0.13991520861367746
385,-0.08625522400281245,-0.024633622109447362,0.08790842054821994,-0.45271642404350365,-0.2093424280429454
386,-1.4253223018782228,-2.178846280757188,-0.8609554078685207,-2.2685611303046502,-0.15610882873423368
387,0.037463512460767255,-0.07095108280539497,0.09557480939257004,0.15367869511437204,-0.24292366837571566
388,-1.249516831779598,-2.0445009714200735,-0.6541708492354401,-1.6520136745523335,0.3058940090101753
389,-0.09587965320904633,-0.48541244965912733,-0.6354017984001222,-0.30284495410029155,0.26818355207424127
390,-1.0423249444528806,-0.8121966077027932,0.24454641058925536,-2.006832057565111,-0.9336669540417359
391,0.7197916913528127,1.0805280754061235,1.014372145209346,0.5576720543806084,-0.6452063184541503
392,-0.1638975555430416,-0.5253970668921619,-0.4841373236995705,-0.2936222666035966,0.1429465223252438
393,1.5742867503273326,2.6390548171183092,1.1490759300688393,2.6324672094235764,-0.061767808648740624
394,1.601332177574376,2.606629534949917,1.0601371435911993,2.50163566210104,-0.2270442723882447
395,-1.0066529674432436,-1.1714034027106714,-0.7045706217608976,-0.7561489940708872,0.3948741533189786
396,-0.6459062621103566,-1.1485015798315636,-0.38455463172416116,-1.024355595274426,0.006883242732685535
397,0.5883032104783782,0.9777632130746216,0.545630988552624,1.522621080316286,-0.13086976109920184
398,-0.9398840205330655,-1.3118461853285193,-0.5617453105639625,-1.1653886759387624,-0.19652986284962137
399,0.22095609329530716,0.3968977094405016,0.3674585559101259,0.6297503095007081,0.25408229605260707
400,-0.1719135501826265,-0.3282460158619318,-0.028548328329580763,-0.33237511172087486,0.08871861126997077
401,1.1093467625292799,1.0690926722437184,0.5550995727088686,1.2051249614639223,-0.14837890455228828
402,1.334359257724757,1.980020410449926,0.5422500201532252,3.031049059827546,0.5679044631845612
403,-1.777029076458252,-2.9132197550452656,-2.008072157506712,-2.6134249028541183,0.34910761977816573
404,0.7236057351527249,0.902508324865061,-0.09406842115454167,1.464179137088475,-0.04000592451206436
405,-0.4216148015262028,-0.448521057275738,0.02263176518927637,-0.3772263431250139,-0.01518567907062493
406,-0.7803223826650123,-1.5181851657620993,-0.931064987145003,-1.3220255925427515,0.43729072059064583
407,1.0728081572683386,1.4437001067632529,1.1351464002505893,1.8380814055022618,-0.038471029367353804
408,1.3871909873711918,2.340229986148494,0.7492151839012048,2.1342936435502162,-0.14213308104669664
409,-0.7838744010308127,-0.7816555738473543,-0.28986568449156963,-0.8665743854135396,0.3616724344207019
410,-0.7348786339202488,-1.3397152549674451,-0.6059021342864451,-1.8992692304346577,-0.4324515275944769
411,-0.7672076711205988,-0.8913004381497115,-0.5619115041663082,-1.305544407517228,-0.03861276287895085
412,-0.7531844582563183,-0.8712405600509836,-0.1876146480126185,-1.2351021761557677,-0.02215837515612229
413,1.067212040594796,1.2984639338787123,0.766852082540905,1.5374532212433452,-0.3735449183176316
414,2.437141598318794,3.8558343974073854,2.194537416901026,3.5742242900334835,-0.4180080796442802
415,0.4989976047848119,0.7011401067684031,1.1220043201754204,0.3429087992249976,-1.071070307132986
416,-1.8649860278952521,-2.7651376359663455,-1.1132898608723674,-2.781784222308087,-0.10776364562761782
417,1.6109791263569786,2.8133878572805817,1.032341353327303,2.962057229710075,0.0677023435345657
418,-1.5766958051369682,-2.3113784657219454,-1.0550960012424413,-1.9613792613153676,0.7176221159143333
419,1.3033632698138946,2.0887396929586166,1.0847615167816504,1.8989274173144928,0.06880610806353574
420,-0.9732609095605412,-1.776634320161794,-0.8349217796048913,-1.6102306334790972,-0.10942986877824817
421,0.6078770393447795,0.4251466095975378,0.44883340791703275,0.6692068240660148,0.1015954278946756
422,1.0419991737087526,1.5978268114700522,0.7622514205680704,1.9432531609688357,0.10701265258368045
423,-1.0464496724329313,-1.497838205945584,-0.5439539046733967,-1.2976204492750982,0.0010488109201286788
424,-0.881496492763723,-0.8961993799051566,-0.5826403032867982,-0.7409964184820323,0.4766370789009668
425,0.11535394192609824,-0.1111799390691855,-0.6032207117498084,0.002241161450458745,0.2851601079632289
426,-0.1344544978288913,-0.6354765666086959,0.17524176544430803,-0.7703924962514641,0.2410373255489407
427,-0.47994498385522993,-0.8789249327980934,-0.7930971810581463,-0.7046631004755305,0.2985793347899398
428,2.3588587945431727,3.2312043893532847,1.9713793835323854,3.5918032669034607,0.07006093063614144
429,1.0699221125722496,1.8350601381470684,1.3009845387434797,1.6985799872821787,-0.6549069363961917
430,-1.2002116020578304,-1.4723733319473313,-0.4232909240685579,-1.788714244749744,0.14791746143650436
431,0.48075979972338984,0.49316701494830195,0.49585244830633424,0.8222325569949567,-0.20017853876157052
432,-0.16297078228169895,-0.15058588235085946,-0.10257623643824322,-0.13411172127921026,-0.19135038124666545
433,0.412261813763301,0.5206537882159684,0.19888863295040743,1.1201818307983407,0.3644063932889354
434,-0.759578121628656,-0.9644876223023263,-0.6580152426698382,-1.517355828237792,-0.11894100728448173
435,0.06741565274848593,0.0010837266914235089,-0.11384180988137667,0.01497485000515135,0.004199715524115549
436,-2.0914415072972514,-2.6741055533264806,-1.4549781966035087,-3.232125473442047,-0.4666141087436932
437,1.5157570820207154,2.674091794588988,2.0954508769178215,2.5307868746577316,-0.0892950910525282
438,1.4307539761813186,1.573090155892484,0.5519532098620483,2.292953315958482,0.6139514885508313
439,0.30200864982187153,0.22192224900687973,0.8099044265127686,-0.49086567456838365,-0.8888851303219094
440,-0.3581191149264419,-0.13267793672151817,-0.33634378128705944,-0.466285005711389,0.29328077786429396
441,0.4186631120732333,0.2809206590584208,0.22344278766561276,0.5092053516927343,0.48099645029934845
442,0.6292328814656372,0.8065265018861661,0.1415561360761572,1.3947668532043376,0.5508062345854448
443,-0.17312513895070608,0.13334323357260208,-0.47255894693907463,1.3389960618102525,0.6789088302912825
444,-1.8384318429830453,-3.0389529421050385,-1.6311495792143682,-2.7878246203562593,-0.2539792553111073
445,2.7468605887313355,4.078005873004737,1.8348971181798193,4.744002526200955,0.46102319642982625
446,1.5264278746646205,2.410628312716426,1.2909416659482513,2.9204892538751377,0.12470153770580275
447,-0.9604851000000847,-1.074562949277307,-0.5423805472794497,-1.3357038931095981,-0.11542588676608573
448,0.6976684071374635,0.5718222472477309,0.873047700309062,0.895517535564097,0.12719717322659774
449,2.108628191121121,3.0632392298745756,1.4392339752866359,3.177772302110233,0.17979429204138958
450,1.7847334046104257,2.6698149647183747,0.6739964060329523,3.131498413949148,0.4562387580119847
451,1.261240272758166,2.154404563389285,1.488440350296457,1.833295016237396,-0.33767372247671534
452,0.4937541309427604,0.9624178625796705,0.2957808012354477,1.2835756621651628,0.6042287243818347
453,-0.45328845514824095,-0.6849666020558557,-0.9090096674775869,-0.44679763016803176,0.6598541351480071
454,-0.2165466940679177,-0.2912144315231856,-0.0352285257275802,-0.29918885070171697,-0.10280025854064481
455,0.11395168842010107,0.03934223059536246,-0.4399305863426097,0.45697963617735304,0.8097737194815056
456,-0.7513132853978091,-1.2410539569990078,-0.7836932538444819,-1.0504557078404269,0.20117218827246353
457,1.6307618168510722,2.2769356950374307,1.6010565432199184,1.7465826985002575,-0.5646922245906598
458,0.5518538913333264,0.9532338289810222,0.8151576723969032,0.8153624189405007,-0.18859113193165133
459,-1.654726270722385,-2.1759023287366817,-0.7492315773525432,-1.9502380818158727,0.1728694572990534
460,0.08440857599819224,0.09842361031066187,-0.10478742443052835,-0.2369082440848558,-0.2153683383667057
461,-1.604832416307011,-2.5935902641867967,-1.2905302609695344,-3.01397320007017,0.02299381879762918
462,0.23719900139563513,0.2954247645569795,0.14925687781646235,0.29328817180321526,-0.13237928330128684
463,0.11578787057074577,-0.25600818026801864,0.2717455857934448,-0.4100959895583394,-0.3789532118752861
464,-0.04670542512063859,-0.02876636241666803,-0.3008275145141084,0.07362425206641185,-0.027887502348471038
465,1.7782890966066844,2.0195821543974204,1.1860849971369716,2.09900885642489,0.07843419320445014
466,0.7901456680226343,1.188187030450037,0.7003649130044146,1.0364519550553146,-0.16790856814282465
467,1.1632926397316563,1.369189468341403,0.9721280845816123,1.3717613737233603,0.1609877021421823
468,0.19292261268247013,0.42674447324728343,0.48970084819292947,0.07073134715787444,-0.10592148429984306
469,-0.3676166336656909,-0.692158884651868,-0.5952538964472789,0.2512880162664882,0.30757452630686294
470,-0.16180046372428925,0.20141159637880202,0.40236142322577906,-0.45037630179200555,-0.6749831871985011
471,1.282778755228631,2.218657251648252,0.8884505551132067,2.1749772193525465,0.1428393537119887
472,1.0838017949912735,1.9777321815916695,1.0332373243507311,2.1655401369728042,0.5629499639389444
473,1.8598668883016418,2.8806082069284913,1.7854947000555303,2.2896904077775746,0.015606776823158752
474,-1.469833104525126,-2.1370021734617453,-1.5912320663052029,-1.9864875039071865,0.18895267822243986
475,-2.3384052956500465,-3.4105717532584765,-1.4002527513949778,-4.482035805378835,-0.5808421755090456
476,-0.8272565862408248,-0.46930597335253654,-0.3428842471328167,-0.22792631374858557,0.20979442239192442
477,1.383581773186403,1.7835936093906422,0.6386927789727288,1.5498934629321284,-0.08705376040643564
478,-0.45127783700085333,-0.3385438700087538,-0.34530435345566346,-0.9214084594961236,-0.6161826562575914
479,0.949017651197309,1.8543121646230458,1.2485489566258228,1.405772932736315,-0.34617755994527966
480,-1.336218227751132,-2.2779314971631397,-0.6535716497654424,-2.4092452248527607,-0.22588393100461604
481,1.5455350419428098,2.1958015503404624,0.9867595516751492,1.8179779347930176,0.041311680031287344
482,-0.3107084794337753,-0.4950048838540998,-0.5086190737290576,-0.35582569612269427,0.46337559081509283
483,-0.9814844209271044,-1.4938501431978546,-0.7136132993551109,-1.2844164103627098,0.27298896786094085
484,-0.9540411797232522,-0.9365077754452716,-0.15236033908425345,-1.369424237912496,0.057363194094438796
485,1.0407005222770895,1.2541853425637688,0.5072895602454054,2.238453802605647,0.5348411176895057
486,-0.7028495496772391,-0.9725436729294736,-0.23032907424777183,-1.1638760593451136,-0.07717716549262255
487,-1.1820345040244138,-1.2685102346409036,-0.9014415954671962,-1.7252376695597276,0.0747188419382793
488,-1.1907517717430909,-1.7682313212198861,-0.5370780129934163,-1.846170581475754,-0.12142800662586234
489,0.4988974566345201,1.406787223614006,0.6223487349124076,2.314285641488337,0.9350672878502331
490,-0.27174341573659083,-0.44058236554580377,-0.6378086777715611,0.44190959628132,0.8733791979745258
491,0.888114960178969,0.8141206071957215,0.3767796392798171,0.7043816392487632,-0.0982339988589519
492,-0.08956745470048821,-0.15275743267675124,-0.18327915226692798,-0.41042510127777715,0.218091729256371
493,2.269975735405068,3.48610950980026,1.3341437788133401,3.7904662407688487,0.2192621767679197
494,-1.0987397107687125,-1.665570019455634,-0.4355618901873014,-2.8130318708386284,-0.6978382047031159
495,-0.32611962361435265,0.23404209390535602,0.19741034605904056,-0.28081131543595794,-0.2914048869982362
496,2.0285791575501078,3.4540830499391424,1.1949278508399286,3.479276813228271,0.1313694880047595
497,1.50417185776796,1.6874364456087871,0.9962921582420913,1.1333046591134661,-0.7613203835861558
498,1.706149236855005,2.8869182721078763,1.2918698090181089,2.8553017316086815,-0.0770589598607176
499,0.7316286495036969,1.1159052907388138,0.7964956360591365,0.33236458606855457,-0.352546806077482
